,人物ID,著者名,作品ID,作品名,仮名遣い種別,翻訳者名等,入力者名,校正者名,状態,状態の開始日,底本名,出版社名,入力に使用した版,校正に使用した版
372,879,芥川 竜之介,24453,蜜柑,旧字旧仮名,,高柳典子,岡山勝美,公開,2012-03-21,現代日本文學全集　第三十篇　芥川龍之介集,改造社,1928（昭和3）年1月9日,1928（昭和3）年1月9日　
373,879,芥川 竜之介,43017,蜜柑,新字新仮名,,蒋龍,noriko saito,公開,2005-02-08,蜘蛛の糸・杜子春,新潮文庫、新潮社,1989（平成元）年5月30日46刷,2004（平成16）年6月5日67刷
390,879,芥川 竜之介,179,藪の中,新字新仮名,,野口英司、平山誠,もりみつじゅんじ,公開,1997-11-10,芥川龍之介全集4,ちくま文庫、筑摩書房,1996（平成8）年7月15日第8刷,1996（平成8）年7月15日第8刷
391,879,芥川 竜之介,24454,藪の中,旧字旧仮名,,高柳典子,岡山勝美,公開,2012-03-25,現代日本文學全集　第三〇篇　芥川龍之介集,改造社,1928（昭和3）年1月9日,1928（昭和3）年1月9日　
405,879,芥川 竜之介,128,羅生門,旧字旧仮名,,j.utiyama,野口英司、もりみつじゅんじ,公開,1999-06-09,新選　名著復刻全集　近代文学館　芥川龍之介著　羅生門　阿蘭陀書房版,ほるぷ出版,,
406,879,芥川 竜之介,127,羅生門,新字新仮名,,野口英司、平山誠,もりみつじゅんじ,公開,1997-10-29,芥川龍之介全集1,ちくま文庫、筑摩書房,1997（平成9）年4月15日第14刷,
865,50,泉 鏡花,57477,三尺角,新字新仮名,,日根敏晶,門田裕志,公開,2016-07-01,化鳥・三尺角　他六篇,岩波文庫、岩波書店,2015（平成27）年5月15日第2刷,2013（平成25）年11月15日第1刷
866,50,泉 鏡花,4739,三尺角,旧字旧仮名,,門田裕志,小林繁雄,公開,2003-11-23,鏡花全集　第四巻,岩波書店,1986（昭和61）年12月3日第3刷,1986（昭和61）年12月3日第3刷
892,50,泉 鏡花,43224,雪霊記事,新字新仮名,,門田裕志,土屋隆,公開,2005-11-23,泉鏡花集成7,ちくま文庫、筑摩書房,1995（平成7）年12月4日第1刷,2003（平成15）年5月15日第2刷
893,50,泉 鏡花,1184,雪霊記事,旧字旧仮名,,土屋隆,門田裕志,公開,2005-11-23,鏡花全集　卷二十一,岩波書店,1975（昭和50）年7月2日第2刷,1988（昭和63）年5月2日第3刷
894,50,泉 鏡花,43225,雪霊続記,新字新仮名,,門田裕志,土屋隆,公開,2005-11-24,泉鏡花集成7,ちくま文庫、筑摩書房,1995（平成7）年12月4日第1刷,2003（平成15）年5月15日第2刷
895,50,泉 鏡花,1185,雪霊続記,旧字旧仮名,,土屋隆,門田裕志,公開,2005-11-24,鏡花全集　卷二十一,岩波書店,1975（昭和50）年7月2日第2刷,1988（昭和63）年5月2日第3刷
947,50,泉 鏡花,4741,星あかり,旧字旧仮名,,門田裕志,鈴木厚司,公開,2003-06-02,鏡花全集　巻四,岩波書店,1986（昭和61）年12月3日第3刷,
948,50,泉 鏡花,1188,星あかり,新字新仮名,,土屋隆,門田裕志,公開,2006-04-04,書物の王国11　分身,国書刊行会,1999（平成11）年1月22日初版第1刷,1999（平成11）年1月22日初版第1刷
1088,58,伊藤 左千夫,1036,水害雑録,新字新仮名,,大野晋,松永正敏,公開,2000-10-23,野菊の墓,角川文庫、角川書店,,
1089,58,伊藤 左千夫,4396,水害雑録,旧字旧仮名,,米田進,松永正敏,公開,2002-04-01,左千夫全集　第三巻,岩波書店,,
1097,58,伊藤 左千夫,625,奈々子,新字新仮名,,大野晋,大西敦子,公開,2000-06-02,野菊の墓,集英社文庫、集英社,1981（昭和56）年6月15日第4刷,
1098,58,伊藤 左千夫,4397,奈々子,旧字旧仮名,,米田進,松永正敏,公開,2002-04-01,左千夫全集　第三卷,岩波書店,,
1110,58,伊藤 左千夫,51306,八幡の森,旧字旧仮名,,Ｈ．ＹＡＭ,高瀬竜一,公開,2013-10-05,左千夫全集　第二卷,岩波書店,1976（昭和51）年11月25日,1976（昭和51）年11月25日
1111,58,伊藤 左千夫,57970,八幡の森,新字新仮名,,高瀬竜一,岡村和彦,公開,2019-04-03,左千夫全集　第二卷,岩波書店,1976（昭和51）年11月25日,1976（昭和51）年11月25日
2050,169,大杉 栄,50263,革命の研究,旧字旧仮名,大杉 栄,クロポトキン・プロジェクト,浜坂邦彦,公開,2014-08-07,革命の研究,コスモス書店,1946（昭和21）年4月20日,　
2051,169,大杉 栄,50507,革命の研究,新字新仮名,大杉 栄,クロポトキン・プロジェクト,岩澤秀紀,公開,2013-03-26,大杉栄・伊藤野枝選集第一巻　クロポトキン研究,黒色戦線社,1986（昭和61）年6月1日,1986（昭和61）年6月1日
2410,82,岡本 綺堂,1312,修禅寺物語,新字新仮名,,土屋隆,小林繁雄,公開,2006-05-30,日本の文学　77　名作集（一）,中央公論社,1970（昭和45）年7月5日初版,1970（昭和45）年7月5日初版
2411,82,岡本 綺堂,45457,修禅寺物語,旧字旧仮名,,土屋隆,川山隆,公開,2008-05-06,日本現代文學全集34　岡本綺堂・小山内薫・眞山青果集,講談社,1968（昭和43）年6月19日,1980（昭和55）年5月26日増補改訂版第1刷
2482,82,岡本 綺堂,1293,半七捕物帳 01 お文の魂,新字新仮名,,A.Morimine,原田頌子,公開,2001-04-13,時代推理小説　半七捕物帳（一）,光文社文庫、光文社,1997（平成9）年3月25日20刷,
2483,82,岡本 綺堂,1005,半七捕物帳 01 お文の魂,旧字旧仮名,,小山純一,浜野智,公開,1998-07-09,定本・半七捕物帳　第1巻,同光社,,
3300,91,尾崎 紅葉,50354,鬼桃太郎,新字新仮名,,田中哲郎,みきた,公開,2018-10-30,妖怪文藝〈巻之弐〉　響き交わす鬼,小学館文庫、小学館,2005（平成17）年10月1日初版第1刷,2005（平成17）年10月1日初版第1刷
3301,91,尾崎 紅葉,50355,鬼桃太郎,旧字旧仮名,,田中哲郎,みきた,公開,2019-01-10,名著複刻　日本児童文学館　第一集,ほるぷ出版,1976（昭和51）年5月,1980（昭和55）年3月
3512,933,折口 信夫,24380,死者の書,旧字旧仮名,,門田裕志,多羅尾伴内,公開,2009-02-19,折口信夫全集　第廿四巻,中央公論社,1967（昭和42）年10月25日,1967（昭和42）年10月25日
3515,933,折口 信夫,4398,死者の書,新字新仮名,,kompass,米田進,公開,2004-01-01,昭和文学全集　第4巻,小学館,1989（平成元）年4月1日初版第1刷,1989（平成元）年4月1日初版第1刷
3639,933,折口 信夫,45499,山越しの阿弥陀像の画因,旧字旧仮名,,門田裕志,仙酔ゑびす,公開,2007-03-17,折口信夫全集　第廿七巻,中央公論社,1956（昭和31）年11月5日,1956（昭和31）年11月5日
3640,933,折口 信夫,46386,山越しの阿弥陀像の画因,新字新仮名,,門田裕志,仙酔ゑびす,公開,2007-03-17,昭和文学全集　第4巻,小学館,1993（平成5）年9月10日初版第2刷,1993（平成5）年9月10日初版第2刷
3710,984,葛西 善蔵,47059,子をつれて,新字新仮名,,任天堂株式会社,小林繁雄、門田裕志,公開,2008-04-11,哀しき父・椎の若葉,講談社文芸文庫、講談社,1994（平成6）年12月10日第1刷,1994（平成6）年12月10日第1刷
3711,984,葛西 善蔵,51221,子をつれて,旧字旧仮名,,川山隆,門田裕志,公開,2011-06-09,子をつれて,岩波文庫、岩波書店,2009（平成21）年2月19日第9刷,2009（平成21）年2月19日第9刷
3772,74,梶井 基次郎,46349,檸檬,旧字旧仮名,,高柳典子,小林繁雄,公開,2006-09-10,創作　檸檬,十字屋書店,1940（昭和15）年12月20日第2刷,1940（昭和15）年12月20日第2刷
3773,74,梶井 基次郎,424,檸檬,新字新仮名,,j.utiyama,野口英司,公開,1998-08-31,檸檬・ある心の風景　他二十編,旺文社文庫、旺文社,1974（昭和49）年第4刷,1974（昭和49）年第4刷
5517,38,国木田 独歩,1410,画の悲み,旧字旧仮名,,鈴木厚司,小林繁雄,公開,2001-12-21,定本　国木田独歩全集　第二巻,学習研究社,1995（平成7）年7月3日増補版,1995（平成7）年7月3日増補版
5518,38,国木田 独歩,1411,画の悲み,新字新仮名,,鈴木厚司,mayu,公開,2001-05-28,日本児童文学名作集（上）　桑原三郎・千葉俊二編,岩波文庫、岩波書店,,
5528,38,国木田 独歩,334,少年の悲哀,新字新仮名,,紅邪鬼,鈴木厚司,公開,2000-07-07,号外・少年の悲哀　他六篇,岩波文庫、岩波書店,1981（昭和56）年4月10日第34刷,2000（平成12）年7月14日第38刷
5529,38,国木田 独歩,326,少年の悲哀,旧字旧仮名,,網迫,丹羽倫子,公開,1999-02-12,日本文學全集4 　國木田獨歩,新潮社,,
5775,1229,クロポトキン ピョートル・アレクセーヴィチ,50263,革命の研究,旧字旧仮名,大杉 栄,クロポトキン・プロジェクト,浜坂邦彦,公開,2014-08-07,革命の研究,コスモス書店,1946（昭和21）年4月20日,　
5776,1229,クロポトキン ピョートル・アレクセーヴィチ,50507,革命の研究,新字新仮名,大杉 栄,クロポトキン・プロジェクト,岩澤秀紀,公開,2013-03-26,大杉栄・伊藤野枝選集第一巻　クロポトキン研究,黒色戦線社,1986（昭和61）年6月1日,1986（昭和61）年6月1日
5843,258,小泉 八雲,52949,夜光虫,新字新仮名,林田 清明,林田清明,林田清明,公開,2011-04-03,,,,
5844,258,小泉 八雲,52950,夜光虫,旧字旧仮名,林田 清明,林田清明,林田清明,公開,2011-04-03,,,,
7582,8,島木 健作,47383,癩,旧字旧仮名,,Nana ohbe,林幸雄,公開,2010-04-25,島木健作作品集　第四卷,創元社,1953（昭和28）年9月15日初版,1953（昭和28）年9月15日初版　
7583,8,島木 健作,697,癩,新字新仮名,,山形幸彦,野口英司,公開,1998-08-20,日本の文学　40　林房雄・武田麟太郎・島木健作,中央公論社,,
8024,1213,瀬沼 夏葉,50220,六号室,新字新仮名,瀬沼 夏葉,阿部哲也,米田,公開,2011-03-02,明治文學全集　82　明治女流文學集（二）,筑摩書房,1989（平成元）年2月20日初版第5刷,1984（昭和59）年2月20日初版第4刷
8025,1213,瀬沼 夏葉,45667,六号室,旧字旧仮名,瀬沼 夏葉,阿部哲也,岩渕祐子,公開,2006-10-03,明治文學全集　82　明治女流文學集（二）,筑摩書房,1989（平成元）年2月20日初版第5刷,1965（昭和40）年12月10日
8402,35,太宰 治,259,逆行,旧字旧仮名,,赤木孝之,湯地光弘,公開,1999-06-29,太宰治全集2,筑摩書房,1998（平成10）年5月25日初版第1刷,
8403,35,太宰 治,260,逆行,新字新仮名,,村田拓哉,青木直子,公開,1999-12-17,晩年,新潮文庫、新潮社,1972（昭和47）年8月30日43刷,1999（平成11）年6月25日105刷
8424,35,太宰 治,45688,五所川原,新字新仮名,,増山一光,土屋隆,公開,2006-03-15,太宰治全集10,ちくま文庫、筑摩書房,1998（平成10）年6月15日第4刷,1989（平成元）年6月27日第1刷
8425,35,太宰 治,52522,五所川原,旧字旧仮名,,小林繁雄,阿部哲也,公開,2011-12-23,太宰治全集11,筑摩書房,1999（平成11）年3月25日初版第1刷,2001（平成13）年11月10日初版第2刷
8438,35,太宰 治,2263,猿面冠者,新字新仮名,,村田拓哉,青木直子,公開,1999-12-17,晩年,新潮文庫、新潮社,1999（平成11）年6月25日第105刷,
8439,35,太宰 治,2262,猿面冠者,旧字旧仮名,,赤木孝之,湯地光弘,公開,1999-06-15,太宰治全集2,筑摩書房,1998（平成10）年5月25日初版第1刷,
8445,35,太宰 治,52682,私信,旧字旧仮名,,小林繁雄,阿部哲也,公開,2011-12-29,太宰治全集11,筑摩書房,1999（平成11）年3月25日初版第1刷,2001（平成13）年11月10日初版第2刷
8446,35,太宰 治,45674,私信,新字新仮名,,増山一光,土屋隆,公開,2006-02-18,太宰治全集10,ちくま文庫、筑摩書房,1998（平成10）年6月15日第4刷,1989（平成元）年6月27日第1刷
8447,35,太宰 治,52462,自信の無さ,旧字旧仮名,,小林繁雄,阿部哲也,公開,2011-12-29,太宰治全集11,筑摩書房,1999（平成11）年3月25日初版第1刷,2001（平成13）年11月10日初版第2刷
8448,35,太宰 治,45675,自信の無さ,新字新仮名,,増山一光,土屋隆,公開,2006-02-18,太宰治全集10,ちくま文庫、筑摩書房,1998（平成10）年6月15日第4刷,1989（平成元）年6月27日第1刷
8458,35,太宰 治,52374,春昼,旧字旧仮名,,小林繁雄,阿部哲也,公開,2011-12-29,太宰治全集11,筑摩書房,1999（平成11）年3月25日初版第1刷,2001（平成13）年11月10日初版第2刷
8459,35,太宰 治,43573,春昼,新字新仮名,,増山一光,小林繁雄,公開,2005-04-11,太宰治全集10,ちくま文庫、筑摩書房,1998（平成10）年6月15日第4刷,1993（平成5）年1月5日第2刷
8483,35,太宰 治,45676,世界的,新字新仮名,,増山一光,土屋隆,公開,2006-02-18,太宰治全集10,ちくま文庫、筑摩書房,1998（平成10）年6月15日第4刷,1989（平成元）年6月27日第1刷
8484,35,太宰 治,52684,世界的,旧字旧仮名,,小林繁雄,阿部哲也,公開,2011-12-12,太宰治全集11,筑摩書房,1999（平成11）年3月25日初版第1刷,2001（平成13）年11月10日初版第2刷
8493,35,太宰 治,1575,ダス・ゲマイネ,旧字旧仮名,,土屋隆,増山一光,公開,2007-01-29,太宰治全集2,筑摩書房,1998（平成10）年5月25日初版第1刷,　
8494,35,太宰 治,42945,ダス・ゲマイネ,新字新仮名,,野口英司,八巻美恵,公開,2004-03-04,走れメロス,新潮文庫、新潮社,1989（平成元）年6月10日50刷,
8573,35,太宰 治,52523,砂子屋,旧字旧仮名,,小林繁雄,阿部哲也,公開,2011-12-12,太宰治全集11,筑摩書房,1999（平成11）年3月25日初版第1刷,2001（平成13）年11月10日初版第2刷
8574,35,太宰 治,45689,砂子屋,新字新仮名,,増山一光,土屋隆,公開,2006-03-15,太宰治全集10,ちくま文庫、筑摩書房,1998（平成10）年6月15日第4刷,1989（平成元）年6月27日第1刷
8579,35,太宰 治,52464,無趣味,旧字旧仮名,,小林繁雄,阿部哲也,公開,2011-12-05,太宰治全集11,筑摩書房,1999（平成11）年3月25日初版第1刷,2001（平成13）年11月10日初版第2刷
8580,35,太宰 治,45671,無趣味,新字新仮名,,増山一光,土屋隆,公開,2006-02-18,太宰治全集10,ちくま文庫、筑摩書房,1998（平成10）年6月15日第4刷,1989（平成元）年6月27日第1刷
8581,35,太宰 治,52686,無題,旧字旧仮名,,小林繁雄,阿部哲也,公開,2011-12-05,太宰治全集11,筑摩書房,1999（平成11）年3月25日初版第1刷,2001（平成13）年11月10日初版第2刷
8582,35,太宰 治,45690,無題,新字新仮名,,増山一光,土屋隆,公開,2006-03-15,太宰治全集10,ちくま文庫、筑摩書房,1998（平成10）年6月15日第4刷,1989（平成元）年6月27日第1刷
8594,35,太宰 治,52526,容貌,旧字旧仮名,,小林繁雄,阿部哲也,公開,2011-12-05,太宰治全集11,筑摩書房,1999（平成11）年3月25日初版第1刷,2001（平成13）年11月10日初版第2刷
8595,35,太宰 治,1596,容貌,新字新仮名,,土屋隆,noriko saito,公開,2005-04-23,太宰治全集10,ちくま文庫、筑摩書房,1989（平成元）年6月27日第1刷,1996（平成8）年7月15日第3刷
8596,35,太宰 治,52687,横綱,旧字旧仮名,,小林繁雄,阿部哲也,公開,2011-12-05,太宰治全集11,筑摩書房,1999（平成11）年3月25日初版第1刷,2001（平成13）年11月10日初版第2刷
8597,35,太宰 治,45691,横綱,新字新仮名,,増山一光,土屋隆,公開,2006-03-15,太宰治全集10,ちくま文庫、筑摩書房,1998（平成10）年6月15日第4刷,1989（平成元）年6月27日第1刷
8603,35,太宰 治,312,列車,新字新仮名,,村田拓哉,青木直子,公開,1999-12-17,晩年,新潮文庫、新潮社,1972（昭和47）年8月30日43刷,1999（平成11）年6月25日105刷
8604,35,太宰 治,313,列車,旧字旧仮名,,赤木孝之,田尻幹二,公開,1999-05-31,太宰治全集2,筑摩書房,1998（平成10）年5月25日初版第1刷,
8605,35,太宰 治,45668,六月十九日,新字新仮名,,増山一光,土屋隆,公開,2005-12-15,太宰治全集10,ちくま文庫、筑摩書房,1998（平成10）年6月15日第4刷,1989（平成元）年6月27日第1刷
8606,35,太宰 治,52235,六月十九日,旧字旧仮名,,増山一光,小林繁雄,公開,2011-02-28,太宰治全集11,筑摩書房,1999（平成11）年3月25日初版第1刷,1999（平成11）年3月25日初版第1刷
8612,35,太宰 治,52292,私の著作集,旧字旧仮名,,増山一光,阿部哲也,公開,2011-12-08,太宰治全集11,筑摩書房,1999（平成11）年3月25日初版第1刷,2001（平成13）年11月10日初版第2刷
8613,35,太宰 治,45673,私の著作集,新字新仮名,,増山一光,土屋隆,公開,2006-02-18,太宰治全集10,ちくま文庫、筑摩書房,1998（平成10）年6月15日第4刷,1989（平成元）年6月27日第1刷
9376,1155,チェーホフ アントン,50220,六号室,新字新仮名,瀬沼 夏葉,阿部哲也,米田,公開,2011-03-02,明治文學全集　82　明治女流文學集（二）,筑摩書房,1989（平成元）年2月20日初版第5刷,1984（昭和59）年2月20日初版第4刷
9377,1155,チェーホフ アントン,45667,六号室,旧字旧仮名,瀬沼 夏葉,阿部哲也,岩渕祐子,公開,2006-10-03,明治文學全集　82　明治女流文學集（二）,筑摩書房,1989（平成元）年2月20日初版第5刷,1965（昭和40）年12月10日
9546,1029,デカルト ルネ,4730,省察 神の存在、及び人間の霊魂と肉体との区別を論証する、第一哲学についての,旧字旧仮名,三木 清,山下裕嗣,Juki,公開,2016-03-31,省察,岩波文庫、岩波書店,1969（昭和44）年第24刷発行,1977（昭和52）年8月20日第33刷発行
9547,1029,デカルト ルネ,43291,省察 神の存在、及び人間の霊魂と肉体との区別を論証する、第一哲学についての,新字新仮名,三木 清,京都大学電子テクスト研究会入力班,京都大学電子テクスト研究会校正班,公開,2006-03-07,省察,岩波文庫、岩波書店,1958（昭和33）年12月20日第13刷,
9679,42,寺田 寅彦,2442,写生紀行,新字新仮名,,（株）モモ,かとうかおり,公開,2003-07-14,寺田寅彦随筆集　第一巻,岩波文庫、岩波書店,1997（平成9）年5月15日第80刷,1997（平成9）年12月15日第81刷
9680,42,寺田 寅彦,4654,写生紀行,旧字旧仮名,,林幸雄,多羅尾伴内,公開,2003-11-28,現代日本紀行文学全集　東日本編,ほるぷ出版,1976（昭和51）年8月1日,1976（昭和51）年8月1日
10813,119,中島 敦,24438,盈虚,新字新仮名,,小林繁雄,多羅尾伴内,公開,2003-07-20,中島敦全集　2,ちくま文庫、筑摩書房,1999（平成11）年10月15日第5刷,2003（平成15）年3月20日第6刷
10814,119,中島 敦,4336,盈虚,旧字旧仮名,,米田進,土屋隆,公開,2008-12-28,中島敦全集第一卷,筑摩書房,1976（昭和51）年3月15日初版第1刷,1976（昭和51）年3月15日初版第1刷
10817,119,中島 敦,46429,環礁 ――ミクロネシヤ巡島記抄――,新字新仮名,,土屋隆,松永正敏,公開,2007-06-01,山月記・李陵　他九篇,岩波文庫、岩波書店,2003（平成15）年4月15日第15刷,
10818,119,中島 敦,24444,環礁 ――ミクロネシヤ巡島記抄――,旧字旧仮名,,門田裕志,多羅尾伴内,公開,2004-11-07,中島敦全集第一卷,筑摩書房,1976（昭和51）年3月15日初版,1993（平成5）年6月20日初版第18刷
10819,119,中島 敦,618,狐憑,旧字旧仮名,,圭,木本敦子,公開,1999-09-03,中島敦全集　第一巻,筑摩書房,,
10820,119,中島 敦,56247,狐憑,新字新仮名,,小池健太,久木舜,公開,2020-12-04,ちくま日本文学012　中島敦,ちくま文庫、筑摩書房,2009（平成21）年6月20日第3刷,2012（平成24）年9月25日第7刷
10826,119,中島 敦,623,山月記,旧字旧仮名,,岡島昭浩,小林繁雄,公開,1997-07-07,文學界,,,
10827,119,中島 敦,624,山月記,新字新仮名,,平松大樹,林めぐみ,公開,1998-11-13,李陵・山月記,新潮文庫、新潮社,,1994（平成6）年5月15日第50刷
10841,119,中島 敦,620,名人伝,旧字旧仮名,,Hitoshi Nagano,j.utiyama,公開,1998-10-26,中島敦全集　第4巻,文治堂書店,,
10842,119,中島 敦,621,名人伝,新字新仮名,,大内章,j.utiyama,公開,1998-10-26,ちくま日本文学全集　中島敦,ちくま文庫、筑摩書房,1992（平成4）年7月20日第1刷,
11338,148,夏目 漱石,777,京に着ける夕,新字新仮名,,柴田卓治,大野晋,公開,1999-05-12,夏目漱石全集10,ちくま文庫、筑摩書房,,1996（平成8）年7月15日第5刷
11339,148,夏目 漱石,55936,京に着ける夕,旧字旧仮名,,岡村和彦,きりんの手紙,公開,2019-02-09,現代紀行文學全集　第四卷　西日本篇,修道社,1958（昭和33）年4月15日,1959（昭和34）年4月10日
11358,148,夏目 漱石,1749,子規の画,旧字旧仮名,,山田豊,土屋隆,公開,2005-10-11,漱石全集　第十七巻,岩波書店,1979（昭和54）年8月8日第4刷,1957（昭和32）年1月12日第1刷
11359,148,夏目 漱石,795,子規の画,新字新仮名,,柴田卓治,大野晋,公開,1999-05-12,夏目漱石全集10,ちくま文庫、筑摩書房,,1996（平成8）年7月15日第5刷
11405,148,夏目 漱石,763,変な音,新字新仮名,,柴田卓治,大野晋,公開,1999-05-12,夏目漱石全集10,ちくま文庫、筑摩書房,1988（昭和63）年7月26日第1刷,
11406,148,夏目 漱石,764,変な音,旧字旧仮名,,山田豊,Juki,公開,1999-12-18,漱石全集　第十七巻,岩波書店,1960（昭和35）年9月10日第2版,
11419,148,夏目 漱石,56923,門,旧字旧仮名,,阿部哲也,染川隆俊,公開,2019-01-05,漱石全集　第四卷　三四郎　それから　門,岩波書店,1975（昭和50）年3月10日第2刷,1975（昭和50）年3月10日第2刷
11420,148,夏目 漱石,785,門,新字新仮名,,柴田卓治,高橋知仁,公開,1999-04-22,夏目漱石全集6,ちくま文庫、筑摩書房,1988（昭和63）年3月29日第1刷,1993（平成5）年2月25日第2刷
11606,182,西田 幾多郎,3217,世界新秩序の原理,旧字旧仮名,,nns,土屋隆,公開,2004-09-22,西田幾多郎全集　第十二巻,岩波書店,1986（昭和61）年11月25日第4刷, 
11607,182,西田 幾多郎,3668,世界新秩序の原理,新字新仮名,,nns,土屋隆,公開,2004-09-22,西田幾多郎全集　第十二巻,岩波書店,1986（昭和61）年11月25日第4刷, 
11628,718,新渡戸 稲造,46288,教育の目的,旧字旧仮名,,kamille,染川隆俊,公開,2007-02-19,明治文學全集　88　明治宗教文學集（二）,筑摩書房,1983（昭和58）年10月1日初版第2刷,1975（昭和50）年7月30日初版第1刷
11629,718,新渡戸 稲造,50670,教育の目的,新字新仮名,,田中哲郎,ゆうき,公開,2010-04-27,新渡戸稲造論集,岩波文庫、岩波書店,2007（平成19）年5月16日第1刷,2007（平成19）年6月25日第2刷
11797,1670,野村 胡堂,54695,銭形平次捕物控 001 金色の処女,旧字旧仮名,,特定非営利活動法人はるかぜ,門田裕志,公開,2014-01-02,錢形平次捕物全集第二十二卷　美少年國,同光社,1954（昭和29）年3月25日,1954（昭和29）年11月20日再版
11798,1670,野村 胡堂,56372,銭形平次捕物控 001 金色の処女,新字新仮名,,特定非営利活動法人はるかぜ,結城宏,公開,2018-01-07,銭形平次捕物控（十）金色の処女,嶋中文庫、嶋中書店,2005（平成17）年2月20日第1刷,2005（平成17）年2月20日第1刷
11799,1670,野村 胡堂,56278,銭形平次捕物控 002 振袖源太,新字新仮名,,特定非営利活動法人はるかぜ,結城宏,公開,2018-01-12,銭形平次捕物控（七）平次女難,嶋中文庫、嶋中書店,2004（平成16）年11月20日第1刷,2004（平成16）年11月20日第1刷 
11800,1670,野村 胡堂,55682,銭形平次捕物控 002 振袖源太,旧字旧仮名,,特定非営利活動法人はるかぜ,門田裕志,公開,2014-02-22,錢形平次捕物全集第十六卷　笑ひ茸,同光社磯部書房,1953（昭和28）年9月28日,1953（昭和28）年9月28日
11801,1670,野村 胡堂,54622,銭形平次捕物控 003 大盗懺悔,旧字旧仮名,,特定非営利活動法人はるかぜ,門田裕志,公開,2014-04-23,錢形平次捕物全集第九卷　幻の民五郎,同光社磯部書房,1953（昭和28）年7月20日,1953（昭和28）年7月20日
11802,1670,野村 胡堂,56314,銭形平次捕物控 003 大盗懺悔,新字新仮名,,特定非営利活動法人はるかぜ,結城宏,公開,2018-01-17,銭形平次捕物控（四）城の絵図面,嶋中文庫、嶋中書店,2004（平成16）年8月20日第1刷,2004（平成16）年8月20日第1刷
11806,1670,野村 胡堂,57233,銭形平次捕物控 006 復讐鬼の姿,新字新仮名,,特定非営利活動法人はるかぜ,結城宏,公開,2018-02-01,銭形平次捕物控（九）不死の霊薬,嶋中文庫、嶋中書店,2005（平成17）年1月20日第1刷,2005（平成17）年1月20日第1刷
11807,1670,野村 胡堂,54693,銭形平次捕物控 006 復讐鬼の姿,旧字旧仮名,,特定非営利活動法人はるかぜ,門田裕志,公開,2014-01-08,錢形平次捕物全集第二十二卷　美少年國,同光社,1954（昭和29）年3月25日,1954（昭和29）年11月20日再版
11808,1670,野村 胡堂,56383,銭形平次捕物控 007 お珊文身調べ,新字新仮名,,特定非営利活動法人はるかぜ,北川松生,公開,2018-02-05,銭形平次捕物控（八）お珊文身調べ,嶋中文庫、嶋中書店,2004（平成16）年12月20日第1刷,2004（平成16）年12月20日第1刷
11809,1670,野村 胡堂,55655,銭形平次捕物控 007 お珊文身調べ,旧字旧仮名,,特定非営利活動法人はるかぜ,門田裕志,公開,2014-06-25,錢形平次捕物全集第十三卷　焔の舞,同光社磯部書房,1953（昭和28）年9月5日,1953（昭和28）年9月5日
11810,1670,野村 胡堂,57094,銭形平次捕物控 008 鈴を慕う女,旧字旧仮名,,門田裕志,湖山ルル,公開,2016-11-05,錢形平次捕物全集第十四卷　金の茶釜,同光社磯部書房,1953（昭和28）年9月10日,1953（昭和28）年9月10日
11811,1670,野村 胡堂,56347,銭形平次捕物控 008 鈴を慕う女,新字新仮名,,特定非営利活動法人はるかぜ,北川松生,公開,2018-02-10,銭形平次捕物控（八）お珊文身調べ,嶋中文庫、嶋中書店,2004（平成16）年12月20日第1刷,2004（平成16）年12月20日第1刷
11814,1670,野村 胡堂,57216,銭形平次捕物控 010 七人の花嫁,新字新仮名,,特定非営利活動法人はるかぜ,結城宏,公開,2018-02-27,銭形平次捕物控（九）不死の霊薬,嶋中文庫、嶋中書店,2005（平成17）年1月20日第1刷,2005（平成17）年1月20日第1刷
11815,1670,野村 胡堂,54694,銭形平次捕物控 010 七人の花嫁,旧字旧仮名,,特定非営利活動法人はるかぜ,門田裕志,公開,2014-01-14,錢形平次捕物全集第二十二卷　美少年國,同光社,1954（昭和29）年3月25日,1954（昭和29）年11月20日再版
11816,1670,野村 胡堂,56301,銭形平次捕物控 011 南蛮秘法箋,新字新仮名,,特定非営利活動法人はるかぜ,noriko saito,公開,2018-03-04,銭形平次捕物控（三）酒屋火事,嶋中文庫、嶋中書店,2004（平成16）年7月20日第1刷,2004（平成16）年7月20日第1刷
11817,1670,野村 胡堂,54613,銭形平次捕物控 011 南蛮秘法箋,旧字旧仮名,,特定非営利活動法人はるかぜ,門田裕志,公開,2014-03-18,錢形平次捕物全集第八卷　地獄から來た男,同光社磯部書房,1953（昭和28）年7月10日,1953（昭和28）年7月10日
11821,1670,野村 胡堂,54632,銭形平次捕物控 014 たぬき囃子,旧字旧仮名,,特定非営利活動法人はるかぜ,門田裕志,公開,2014-05-08,錢形平次捕物全集第十卷　八五郎の恋,同光社磯部書房,1953（昭和28）年8月10日,1953（昭和28）年8月10日
11822,1670,野村 胡堂,56302,銭形平次捕物控 014 たぬき囃子,新字新仮名,,特定非営利活動法人はるかぜ,noriko saito,公開,2018-03-10,銭形平次捕物控（六）結納の行方,嶋中文庫、嶋中書店,2004（平成16）年10月20日第1刷,2004（平成16）年10月20日第1刷
11823,1670,野村 胡堂,55653,銭形平次捕物控 015 怪伝白い鼠,旧字旧仮名,,特定非営利活動法人はるかぜ,門田裕志,公開,2014-06-19,錢形平次捕物全集第十三卷　焔の舞,同光社磯部書房,1953（昭和28）年9月5日,1953（昭和28）年9月5日
11824,1670,野村 胡堂,56371,銭形平次捕物控 015 怪伝白い鼠,新字新仮名,,特定非営利活動法人はるかぜ,北川松生,公開,2018-03-20,銭形平次捕物控（八）お珊文身調べ,嶋中文庫、嶋中書店,2004（平成16）年12月20日第1刷,2004（平成16）年12月20日第1刷
11825,1670,野村 胡堂,54627,銭形平次捕物控 016 人魚の死,旧字旧仮名,,特定非営利活動法人はるかぜ,門田裕志,公開,2014-04-05,錢形平次捕物全集第九卷　幻の民五郎,同光社磯部書房,1953（昭和28）年7月20日,1953（昭和28）年7月20日
11826,1670,野村 胡堂,56293,銭形平次捕物控 016 人魚の死,新字新仮名,,特定非営利活動法人はるかぜ,noriko saito,公開,2020-07-16,銭形平次捕物控（四）城の絵図面,嶋中文庫、嶋中書店,2004（平成16）年8月20日第1刷,2004（平成16）年8月20日第1刷
11833,1670,野村 胡堂,55506,銭形平次捕物控 022 名馬罪あり,旧字旧仮名,,特定非営利活動法人はるかぜ,門田裕志,公開,2014-06-07,錢形平次捕物全集第十二卷　鬼女,同光社磯部書房,1953（昭和28）年8月25日,1953（昭和28）年8月25日
11834,1670,野村 胡堂,56284,銭形平次捕物控 022 名馬罪あり,新字新仮名,,特定非営利活動法人はるかぜ,結城宏,公開,2018-04-03,銭形平次捕物控（七）平次女難,嶋中文庫、嶋中書店,2004（平成16）年11月20日第1刷,2004（平成16）年11月20日第1刷
11835,1670,野村 胡堂,55505,銭形平次捕物控 023 血潮と糠,旧字旧仮名,,特定非営利活動法人はるかぜ,門田裕志,公開,2014-06-04,錢形平次捕物全集第十二卷　鬼女,同光社磯部書房,1953（昭和28）年8月25日,1953（昭和28）年8月25日
11836,1670,野村 胡堂,56276,銭形平次捕物控 023 血潮と糠,新字新仮名,,特定非営利活動法人はるかぜ,結城宏,公開,2018-04-24,銭形平次捕物控（七）平次女難,嶋中文庫、嶋中書店,2004（平成16）年11月20日第1刷,2004（平成16）年11月20日第1刷
11837,1670,野村 胡堂,54639,銭形平次捕物控 024 平次女難,旧字旧仮名,,特定非営利活動法人はるかぜ,門田裕志,公開,2014-05-29,錢形平次捕物全集第十二卷　鬼女,同光社磯部書房,1953（昭和28）年8月25日,1953（昭和28）年8月25日
11838,1670,野村 胡堂,56309,銭形平次捕物控 024 平次女難,新字新仮名,,特定非営利活動法人はるかぜ,結城宏,公開,2018-05-08,銭形平次捕物控（七）平次女難,嶋中文庫、嶋中書店,2004（平成16）年11月20日第1刷,2004（平成16）年11月20日第1刷
11842,1670,野村 胡堂,57232,銭形平次捕物控 027 幻の民五郎,新字新仮名,,特定非営利活動法人はるかぜ,noriko saito,公開,2018-05-23,銭形平次捕物控（五）金の鯉,嶋中文庫、嶋中書店,2004（平成16）年9月20日第1刷,2004（平成16）年9月20日第1刷
11843,1670,野村 胡堂,54628,銭形平次捕物控 027 幻の民五郎,旧字旧仮名,,特定非営利活動法人はるかぜ,門田裕志,公開,2014-04-11,錢形平次捕物全集第九卷　幻の民五郎,同光社磯部書房,1953（昭和28）年7月20日,1953（昭和28）年7月20日
11844,1670,野村 胡堂,54633,銭形平次捕物控 028 歎きの菩薩,旧字旧仮名,,特定非営利活動法人はるかぜ,門田裕志,公開,2014-05-14,錢形平次捕物全集第十卷　八五郎の恋,同光社磯部書房,1953（昭和28）年8月10日,1953（昭和28）年8月10日
11845,1670,野村 胡堂,56306,銭形平次捕物控 028 歎きの菩薩,新字新仮名,,特定非営利活動法人はるかぜ,結城宏,公開,2018-05-31,銭形平次捕物控（六）結納の行方,嶋中文庫、嶋中書店,2004（平成16）年10月20日第1刷,2004（平成16）年10月20日第1刷
11849,1670,野村 胡堂,55649,銭形平次捕物控 031 濡れた千両箱,旧字旧仮名,,特定非営利活動法人はるかぜ,門田裕志,公開,2014-06-16,錢形平次捕物全集第十三卷　焔の舞,同光社磯部書房,1953（昭和28）年9月5日,1953（昭和28）年9月5日
11850,1670,野村 胡堂,56360,銭形平次捕物控 031 濡れた千両箱,新字新仮名,,特定非営利活動法人はるかぜ,北川松生,公開,2018-06-14,銭形平次捕物控（八）お珊文身調べ,嶋中文庫、嶋中書店,2004（平成16）年12月20日第1刷,2004（平成16）年12月20日第1刷
11851,1670,野村 胡堂,55647,銭形平次捕物控 032 路地の足跡,旧字旧仮名,,特定非営利活動法人はるかぜ,門田裕志,公開,2014-06-13,錢形平次捕物全集第十三卷　焔の舞,同光社磯部書房,1953（昭和28）年9月5日,1953（昭和28）年9月5日
11852,1670,野村 胡堂,56348,銭形平次捕物控 032 路地の足跡,新字新仮名,,特定非営利活動法人はるかぜ,北川松生,公開,2018-06-24,銭形平次捕物控（八）お珊文身調べ,嶋中文庫、嶋中書店,2004（平成16）年12月20日第1刷,2004（平成16）年12月20日第1刷
11854,1670,野村 胡堂,54615,銭形平次捕物控 034 謎の鍵穴,旧字旧仮名,,特定非営利活動法人はるかぜ,門田裕志,公開,2014-03-24,錢形平次捕物全集第八卷　地獄から來た男,同光社磯部書房,1953（昭和28）年7月10日,1953（昭和28）年7月10日
11855,1670,野村 胡堂,56282,銭形平次捕物控 034 謎の鍵穴,新字新仮名,,特定非営利活動法人はるかぜ,結城宏,公開,2018-07-05,銭形平次捕物控（三）酒屋火事,嶋中文庫、嶋中書店,2004（平成16）年7月20日第1刷,2004（平成16）年7月20日第1刷
11856,1670,野村 胡堂,54611,銭形平次捕物控 035 傀儡名臣,旧字旧仮名,,特定非営利活動法人はるかぜ,門田裕志,公開,2014-03-06,錢形平次捕物全集第八卷　地獄から來た男,同光社磯部書房,1953（昭和28）年7月10日,1953（昭和28）年7月10日
11857,1670,野村 胡堂,56289,銭形平次捕物控 035 傀儡名臣,新字新仮名,,特定非営利活動法人はるかぜ,結城宏,公開,2018-07-18,銭形平次捕物控（三）酒屋火事,嶋中文庫、嶋中書店,2004（平成16）年7月20日第1刷,2004（平成16）年7月20日第1刷
11859,1670,野村 胡堂,54594,銭形平次捕物控 037 人形の誘惑,旧字旧仮名,,特定非営利活動法人はるかぜ,門田裕志,公開,2015-06-10,錢形平次捕物全集第五卷　蝉丸の香爐,同光社磯部書房,1953（昭和28）年6月20日再版,1953（昭和28）年6月20日再版
11860,1670,野村 胡堂,56291,銭形平次捕物控 037 人形の誘惑,新字新仮名,,特定非営利活動法人はるかぜ,結城宏,公開,2018-07-29,銭形平次捕物控（一）平次屠蘇機嫌,嶋中文庫、嶋中書店,2004（平成16）年5月20日第1刷,2004（平成16）年5月20日第1刷
11861,1670,野村 胡堂,54603,銭形平次捕物控 038 一枚の文銭,旧字旧仮名,,特定非営利活動法人はるかぜ,門田裕志,公開,2016-03-21,錢形平次捕物全集第六卷　兵庫の眼玉,同光社磯部書房,1953（昭和28）年6月10日,1953（昭和28）年6月10日
11862,1670,野村 胡堂,56231,銭形平次捕物控 038 一枚の文銭,新字新仮名,,特定非営利活動法人はるかぜ,結城宏,公開,2018-08-07,銭形平次捕物控（二）八人芸の女,嶋中文庫、嶋中書店,2004（平成16）年6月20日第1刷,2004（平成16）年6月20日第1刷
11867,1670,野村 胡堂,54605,銭形平次捕物控 042 庚申横町,旧字旧仮名,,特定非営利活動法人はるかぜ,門田裕志,公開,2015-06-28,錢形平次捕物全集第六卷　兵庫の眼玉,同光社磯部書房,1953（昭和28）年6月10日,1953（昭和28）年6月10日
11868,1670,野村 胡堂,56230,銭形平次捕物控 042 庚申横町,新字新仮名,,特定非営利活動法人はるかぜ,結城宏,公開,2018-08-27,銭形平次捕物控（二）八人芸の女,嶋中文庫、嶋中書店,2004（平成16）年6月20日第1刷,2004（平成16）年6月20日第1刷
11869,1670,野村 胡堂,54635,銭形平次捕物控 043 和蘭カルタ,旧字旧仮名,,特定非営利活動法人はるかぜ,門田裕志,公開,2014-05-05,錢形平次捕物全集第十卷　八五郎の恋,同光社磯部書房,1953（昭和28）年8月10日,1953（昭和28）年8月10日
11870,1670,野村 胡堂,56303,銭形平次捕物控 043 和蘭カルタ,新字新仮名,,特定非営利活動法人はるかぜ,結城宏,公開,2018-09-02,銭形平次捕物控（六）結納の行方,嶋中文庫、嶋中書店,2004（平成16）年10月20日第1刷,2004（平成16）年10月20日第1刷
11872,1670,野村 胡堂,54606,銭形平次捕物控 045 御落胤殺し,旧字旧仮名,,特定非営利活動法人はるかぜ,門田裕志,公開,2015-07-05,錢形平次捕物全集第六卷　兵庫の眼玉,同光社磯部書房,1953（昭和28）年6月10日,1953（昭和28）年6月10日
11873,1670,野村 胡堂,56319,銭形平次捕物控 045 御落胤殺し,新字新仮名,,特定非営利活動法人はるかぜ,結城宏,公開,2018-09-11,銭形平次捕物控（一）平次屠蘇機嫌,嶋中文庫、嶋中書店,2004（平成16）年5月20日第1刷,2004（平成16）年5月20日第1刷
11874,1670,野村 胡堂,54604,銭形平次捕物控 046 双生児の呪,旧字旧仮名,,特定非営利活動法人はるかぜ,門田裕志,公開,2015-07-11,錢形平次捕物全集第六卷　兵庫の眼玉,同光社磯部書房,1953（昭和28）年6月10日,1953（昭和28）年6月10日
11875,1670,野村 胡堂,56317,銭形平次捕物控 046 双生児の呪,新字新仮名,,特定非営利活動法人はるかぜ,結城宏,公開,2018-09-19,銭形平次捕物控（一）平次屠蘇機嫌,嶋中文庫、嶋中書店,2004（平成16）年5月20日第1刷,2004（平成16）年5月20日第1刷
11878,1670,野村 胡堂,54609,銭形平次捕物控 048 お藤は解く,旧字旧仮名,,特定非営利活動法人はるかぜ,門田裕志,公開,2015-06-19,錢形平次捕物全集第六卷　兵庫の眼玉,同光社磯部書房,1953（昭和28）年6月10日,1953（昭和28）年6月10日
11879,1670,野村 胡堂,56304,銭形平次捕物控 048 お藤は解く,新字新仮名,,特定非営利活動法人はるかぜ,結城宏,公開,2018-10-01,銭形平次捕物控（一）平次屠蘇機嫌,嶋中文庫、嶋中書店,2004（平成16）年5月20日第1刷,2004（平成16）年5月20日第1刷
11881,1670,野村 胡堂,54608,銭形平次捕物控 050 碁敵,旧字旧仮名,,特定非営利活動法人はるかぜ,門田裕志,公開,2015-06-22,錢形平次捕物全集第六卷　兵庫の眼玉,同光社磯部書房,1953（昭和28）年6月10日,1953（昭和28）年6月10日
11882,1670,野村 胡堂,56320,銭形平次捕物控 050 碁敵,新字新仮名,,特定非営利活動法人はるかぜ,結城宏,公開,2018-10-07,銭形平次捕物控（一）平次屠蘇機嫌,嶋中文庫、嶋中書店,2004（平成16）年5月20日第1刷,2004（平成16）年5月20日第1刷
11883,1670,野村 胡堂,54629,銭形平次捕物控 051 迷子札,旧字旧仮名,,特定非営利活動法人はるかぜ,門田裕志,公開,2014-05-17,錢形平次捕物全集第十卷　八五郎の恋,同光社磯部書房,1953（昭和28）年8月10日,1953（昭和28）年8月10日
11884,1670,野村 胡堂,56305,銭形平次捕物控 051 迷子札,新字新仮名,,特定非営利活動法人はるかぜ,noriko saito,公開,2020-07-25,銭形平次捕物控（六）結納の行方,嶋中文庫、嶋中書店,2004（平成16）年10月20日第1刷,2004（平成16）年10月20日第1刷
11890,1670,野村 胡堂,54617,銭形平次捕物控 056 地獄から来た男,旧字旧仮名,,特定非営利活動法人はるかぜ,門田裕志,公開,2014-03-09,錢形平次捕物全集第八卷　地獄から來た男,同光社磯部書房,1953（昭和28）年7月10日,1953（昭和28）年7月10日
11891,1670,野村 胡堂,56281,銭形平次捕物控 056 地獄から来た男,新字新仮名,,特定非営利活動法人はるかぜ,結城宏,公開,2018-10-19,銭形平次捕物控（三）酒屋火事,嶋中文庫、嶋中書店,2004（平成16）年7月20日第1刷,2004（平成16）年7月20日第1刷
11892,1670,野村 胡堂,56271,銭形平次捕物控 057 死の矢文,新字新仮名,,特定非営利活動法人はるかぜ,結城宏,公開,2018-10-23,銭形平次捕物控（三）酒屋火事,嶋中文庫、嶋中書店,2004（平成16）年7月20日第1刷,2004（平成16）年7月20日第1刷
11893,1670,野村 胡堂,54614,銭形平次捕物控 057 死の矢文,旧字旧仮名,,特定非営利活動法人はるかぜ,門田裕志,公開,2014-03-27,錢形平次捕物全集第八卷　地獄から來た男,同光社磯部書房,1953（昭和28）年7月10日,1953（昭和28）年7月10日
11895,1670,野村 胡堂,54618,銭形平次捕物控 059 酒屋火事,旧字旧仮名,,特定非営利活動法人はるかぜ,門田裕志,公開,2014-03-12,錢形平次捕物全集第八卷　地獄から來た男,同光社磯部書房,1953（昭和28）年7月10日,1953（昭和28）年7月10日
11896,1670,野村 胡堂,56280,銭形平次捕物控 059 酒屋火事,新字新仮名,,特定非営利活動法人はるかぜ,結城宏,公開,2018-10-31,銭形平次捕物控（三）酒屋火事,嶋中文庫、嶋中書店,2004（平成16）年7月20日第1刷,2004（平成16）年7月20日第1刷
11900,1670,野村 胡堂,54625,銭形平次捕物控 062 城の絵図面,旧字旧仮名,,特定非営利活動法人はるかぜ,門田裕志,公開,2014-04-26,錢形平次捕物全集第九卷　幻の民五郎,同光社磯部書房,1953（昭和28）年7月20日,1953（昭和28）年7月20日
11901,1670,野村 胡堂,56295,銭形平次捕物控 062 城の絵図面,新字新仮名,,特定非営利活動法人はるかぜ,結城宏,公開,2018-11-12,銭形平次捕物控（四）城の絵図面,嶋中文庫、嶋中書店,2004（平成16）年8月20日第1刷,2004（平成16）年8月20日第1刷
11902,1670,野村 胡堂,54610,銭形平次捕物控 063 花見の仇討,旧字旧仮名,,特定非営利活動法人はるかぜ,門田裕志,公開,2015-06-25,錢形平次捕物全集第六卷　兵庫の眼玉,同光社磯部書房,1953（昭和28）年6月10日,1953（昭和28）年6月10日
11903,1670,野村 胡堂,56292,銭形平次捕物控 063 花見の仇討,新字新仮名,,特定非営利活動法人はるかぜ,noriko saito,公開,2020-08-07,銭形平次捕物控（一）平次屠蘇機嫌,嶋中文庫、嶋中書店,2004（平成16）年5月20日第1刷,2004（平成16）年5月20日第1刷
11904,1670,野村 胡堂,55656,銭形平次捕物控 064 九百九十両,旧字旧仮名,,特定非営利活動法人はるかぜ,門田裕志,公開,2014-07-01,錢形平次捕物全集第十三卷　焔の舞,同光社磯部書房,1953（昭和28）年9月5日,1953（昭和28）年9月5日
11905,1670,野村 胡堂,56279,銭形平次捕物控 064 九百九十両,新字新仮名,,特定非営利活動法人はるかぜ,結城宏,公開,2018-11-17,銭形平次捕物控（七）平次女難,嶋中文庫、嶋中書店,2004（平成16）年11月20日第1刷,2004（平成16）年11月20日第1刷
11906,1670,野村 胡堂,54631,銭形平次捕物控 065 結納の行方,旧字旧仮名,,特定非営利活動法人はるかぜ,門田裕志,公開,2014-05-20,錢形平次捕物全集第十卷　八五郎の恋,同光社磯部書房,1953（昭和28）年8月10日,1953（昭和28）年8月10日
11907,1670,野村 胡堂,56297,銭形平次捕物控 065 結納の行方,新字新仮名,,特定非営利活動法人はるかぜ,結城宏,公開,2018-11-24,銭形平次捕物控（六）結納の行方,嶋中文庫、嶋中書店,2004（平成16）年10月20日第1刷,2004（平成16）年10月20日第1刷
11911,1670,野村 胡堂,54602,銭形平次捕物控 068 辻斬綺談,旧字旧仮名,,特定非営利活動法人はるかぜ,門田裕志,公開,2015-06-16,錢形平次捕物全集第五卷　蝉丸の香爐,同光社磯部書房,1953（昭和28）年6月20日再版,1953（昭和28）年6月20日再版
11912,1670,野村 胡堂,56274,銭形平次捕物控 068 辻斬綺談,新字新仮名,,特定非営利活動法人はるかぜ,結城宏,公開,2018-12-06,銭形平次捕物控（一）平次屠蘇機嫌,嶋中文庫、嶋中書店,2004（平成16）年5月20日第1刷,2004（平成16）年5月20日第1刷
11915,1670,野村 胡堂,54598,銭形平次捕物控 071 平次屠蘇機嫌,旧字旧仮名,,特定非営利活動法人はるかぜ,門田裕志,公開,2015-06-01,錢形平次捕物全集第五卷　蝉丸の香爐,同光社磯部書房,1953（昭和28）年6月20日再版,1953（昭和28）年6月20日再版
11916,1670,野村 胡堂,56290,銭形平次捕物控 071 平次屠蘇機嫌,新字新仮名,,特定非営利活動法人はるかぜ,結城宏,公開,2018-12-12,銭形平次捕物控（一）平次屠蘇機嫌,嶋中文庫、嶋中書店,2004（平成16）年5月20日第1刷,2004（平成16）年5月20日第1刷
11919,1670,野村 胡堂,54624,銭形平次捕物控 073 黒い巾着,旧字旧仮名,,特定非営利活動法人はるかぜ,門田裕志,公開,2014-04-17,錢形平次捕物全集第九卷　幻の民五郎,同光社磯部書房,1953（昭和28）年7月20日,1953（昭和28）年7月20日
11920,1670,野村 胡堂,56296,銭形平次捕物控 073 黒い巾着,新字新仮名,,特定非営利活動法人はるかぜ,結城宏,公開,2018-12-27,銭形平次捕物控（四）城の絵図面,嶋中文庫、嶋中書店,2004（平成16）年8月20日第1刷,2004（平成16）年8月20日第1刷
11924,1670,野村 胡堂,54612,銭形平次捕物控 076 竹光の殺人,旧字旧仮名,,特定非営利活動法人はるかぜ,門田裕志,公開,2014-03-30,錢形平次捕物全集第八卷　地獄から來た男,同光社磯部書房,1953（昭和28）年7月10日,1953（昭和28）年7月10日
11925,1670,野村 胡堂,56308,銭形平次捕物控 076 竹光の殺人,新字新仮名,,特定非営利活動法人はるかぜ,結城宏,公開,2019-01-17,銭形平次捕物控（三）酒屋火事,嶋中文庫、嶋中書店,2004（平成16）年7月20日第1刷,2004（平成16）年7月20日第1刷
11926,1670,野村 胡堂,54630,銭形平次捕物控 077 八五郎の恋,旧字旧仮名,,特定非営利活動法人はるかぜ,門田裕志,公開,2014-05-23,錢形平次捕物全集第十卷　八五郎の恋,同光社磯部書房,1953（昭和28）年8月10日,1953（昭和28）年8月10日
11927,1670,野村 胡堂,56298,銭形平次捕物控 077 八五郎の恋,新字新仮名,,特定非営利活動法人はるかぜ,結城宏,公開,2019-01-29,銭形平次捕物控（六）結納の行方,嶋中文庫、嶋中書店,2004（平成16）年10月20日第1刷,2004（平成16）年10月20日第1刷
11928,1670,野村 胡堂,54620,銭形平次捕物控 078 十手の道,旧字旧仮名,,特定非営利活動法人はるかぜ,門田裕志,公開,2014-04-20,錢形平次捕物全集第九卷　幻の民五郎,同光社磯部書房,1953（昭和28）年7月20日,1953（昭和28）年7月20日
11929,1670,野村 胡堂,56316,銭形平次捕物控 078 十手の道,新字新仮名,,特定非営利活動法人はるかぜ,結城宏,公開,2019-02-07,銭形平次捕物控（四）城の絵図面,嶋中文庫、嶋中書店,2004（平成16）年8月20日第1刷,2004（平成16）年8月20日第1刷
11930,1670,野村 胡堂,54636,銭形平次捕物控 079 十七の娘,旧字旧仮名,,特定非営利活動法人はるかぜ,門田裕志,公開,2014-05-02,錢形平次捕物全集第十卷　八五郎の恋,同光社磯部書房,1953（昭和28）年8月10日,1953（昭和28）年8月10日
11931,1670,野村 胡堂,56311,銭形平次捕物控 079 十七の娘,新字新仮名,,特定非営利活動法人はるかぜ,結城宏,公開,2019-02-18,銭形平次捕物控（四）城の絵図面,嶋中文庫、嶋中書店,2004（平成16）年8月20日第1刷,2004（平成16）年8月20日第1刷
11932,1670,野村 胡堂,54634,銭形平次捕物控 080 捕物仁義,旧字旧仮名,,特定非営利活動法人はるかぜ,門田裕志,公開,2014-05-11,錢形平次捕物全集第十卷　八五郎の恋,同光社磯部書房,1953（昭和28）年8月10日,1953（昭和28）年8月10日
11933,1670,野村 胡堂,56307,銭形平次捕物控 080 捕物仁義,新字新仮名,,特定非営利活動法人はるかぜ,結城宏,公開,2019-02-27,銭形平次捕物控（六）結納の行方,嶋中文庫、嶋中書店,2004（平成16）年10月20日第1刷,2004（平成16）年10月20日第1刷
11934,1670,野村 胡堂,55511,銭形平次捕物控 081 受難の通人,旧字旧仮名,,特定非営利活動法人はるかぜ,門田裕志,公開,2014-06-10,錢形平次捕物全集第十二卷　鬼女,同光社磯部書房,1953（昭和28）年8月25日,1953（昭和28）年8月25日
11935,1670,野村 胡堂,56277,銭形平次捕物控 081 受難の通人,新字新仮名,,特定非営利活動法人はるかぜ,結城宏,公開,2019-03-07,銭形平次捕物控（七）平次女難,嶋中文庫、嶋中書店,2004（平成16）年11月20日第1刷,2004（平成16）年11月20日第1刷
11936,1670,野村 胡堂,55684,銭形平次捕物控 082 お局お六,旧字旧仮名,,特定非営利活動法人はるかぜ,門田裕志,公開,2014-02-28,錢形平次捕物全集第十六卷　笑ひ茸,同光社磯部書房,1953（昭和28）年9月28日,1953（昭和28）年9月28日
11937,1670,野村 胡堂,56286,銭形平次捕物控 082 お局お六,新字新仮名,,特定非営利活動法人はるかぜ,結城宏,公開,2019-03-18,銭形平次捕物控（七）平次女難,嶋中文庫、嶋中書店,2004（平成16）年11月20日第1刷,2004（平成16）年11月20日第1刷
11938,1670,野村 胡堂,56351,銭形平次捕物控 083 鉄砲汁,新字新仮名,,特定非営利活動法人はるかぜ,北川松生,公開,2019-03-28,銭形平次捕物控（八）お珊文身調べ,嶋中文庫、嶋中書店,2004（平成16）年12月20日第1刷,2004（平成16）年12月20日第1刷
11939,1670,野村 胡堂,55657,銭形平次捕物控 083 鉄砲汁,旧字旧仮名,,特定非営利活動法人はるかぜ,門田裕志,公開,2014-06-28,錢形平次捕物全集第十三卷　焔の舞,同光社磯部書房,1953（昭和28）年9月5日,1953（昭和28）年9月5日
11946,1670,野村 胡堂,55681,銭形平次捕物控 090 禁制の賦,旧字旧仮名,,特定非営利活動法人はるかぜ,門田裕志,公開,2014-02-19,錢形平次捕物全集第十六卷　笑ひ茸,同光社磯部書房,1953（昭和28）年9月28日,1953（昭和28）年9月28日
11947,1670,野村 胡堂,56362,銭形平次捕物控 090 禁制の賦,新字新仮名,,特定非営利活動法人はるかぜ,結城宏,公開,2019-04-04,銭形平次捕物控（十）金色の処女,嶋中文庫、嶋中書店,2005（平成17）年2月20日第1刷,2005（平成17）年2月20日第1刷
11948,1670,野村 胡堂,56381,銭形平次捕物控 091 笑い茸,新字新仮名,,特定非営利活動法人はるかぜ,結城宏,公開,2019-04-14,銭形平次捕物控（十）金色の処女,嶋中文庫、嶋中書店,2005（平成17）年2月20日第1刷,2005（平成17）年2月20日第1刷
11949,1670,野村 胡堂,55686,銭形平次捕物控 091 笑い茸,旧字旧仮名,,特定非営利活動法人はるかぜ,門田裕志,公開,2014-02-10,錢形平次捕物全集第十六卷　笑ひ茸,同光社磯部書房,1953（昭和28）年9月28日,1953（昭和28）年9月28日
11957,1670,野村 胡堂,55679,銭形平次捕物控 098 紅筆願文,旧字旧仮名,,特定非営利活動法人はるかぜ,門田裕志,公開,2014-02-04,錢形平次捕物全集第十六卷　笑ひ茸,同光社磯部書房,1953（昭和28）年9月28日,1953（昭和28）年9月28日
11958,1670,野村 胡堂,56382,銭形平次捕物控 098 紅筆願文,新字新仮名,,特定非営利活動法人はるかぜ,結城宏,公開,2019-05-04,銭形平次捕物控（十）金色の処女,嶋中文庫、嶋中書店,2005（平成17）年2月20日第1刷,2005（平成17）年2月20日第1刷
11959,1670,野村 胡堂,55678,銭形平次捕物控 099 お篠姉妹,旧字旧仮名,,特定非営利活動法人はるかぜ,門田裕志,公開,2014-02-16,錢形平次捕物全集第十六卷　笑ひ茸,同光社磯部書房,1953（昭和28）年9月28日,1953（昭和28）年9月28日
11960,1670,野村 胡堂,56386,銭形平次捕物控 099 お篠姉妹,新字新仮名,,特定非営利活動法人はるかぜ,結城宏,公開,2019-05-14,銭形平次捕物控（十）金色の処女,嶋中文庫、嶋中書店,2005（平成17）年2月20日第1刷,2005（平成17）年2月20日第1刷
11963,1670,野村 胡堂,56368,銭形平次捕物控 101 お秀の父,新字新仮名,,特定非営利活動法人はるかぜ,noriko saito,公開,2019-06-04,銭形平次捕物控（十一）懐ろ鏡,嶋中文庫、嶋中書店,2005（平成17）年5月20日第1刷,2005（平成17）年5月20日第1刷
11964,1670,野村 胡堂,54700,銭形平次捕物控 101 お秀の父,旧字旧仮名,,特定非営利活動法人はるかぜ,門田裕志,公開,2016-07-15,錢形平次捕物全集第二十三卷　刑場の花嫁,同光社,1954（昭和29）年4月5日,1954（昭和29）年4月5日
11965,1670,野村 胡堂,54698,銭形平次捕物控 102 金蔵の行方,旧字旧仮名,,特定非営利活動法人はるかぜ,門田裕志,公開,2016-07-17,錢形平次捕物全集第二十三卷　刑場の花嫁,同光社,1954（昭和29）年4月5日,1954（昭和29）年4月5日
11966,1670,野村 胡堂,56361,銭形平次捕物控 102 金蔵の行方,新字新仮名,,特定非営利活動法人はるかぜ,noriko saito,公開,2019-06-14,銭形平次捕物控（十一）懐ろ鏡,嶋中文庫、嶋中書店,2005（平成17）年5月20日第1刷,2005（平成17）年5月20日第1刷
11967,1670,野村 胡堂,54705,銭形平次捕物控 103 巨盗還る,旧字旧仮名,,特定非営利活動法人はるかぜ,門田裕志,公開,2016-07-20,錢形平次捕物全集第二十三卷　刑場の花嫁,同光社,1954（昭和29）年4月5日,1954（昭和29）年4月5日
11968,1670,野村 胡堂,56384,銭形平次捕物控 103 巨盗還る,新字新仮名,,特定非営利活動法人はるかぜ,noriko saito,公開,2019-06-24,銭形平次捕物控（十一）懐ろ鏡,嶋中文庫、嶋中書店,2005（平成17）年5月20日第1刷,2005（平成17）年5月20日第1刷
11969,1670,野村 胡堂,54703,銭形平次捕物控 104 活き仏,旧字旧仮名,,特定非営利活動法人はるかぜ,門田裕志,公開,2016-07-23,錢形平次捕物全集第二十三卷　刑場の花嫁,同光社,1954（昭和29）年4月5日,1954（昭和29）年4月5日
11970,1670,野村 胡堂,56357,銭形平次捕物控 104 活き仏,新字新仮名,,特定非営利活動法人はるかぜ,noriko saito,公開,2019-07-05,銭形平次捕物控（十一）懐ろ鏡,嶋中文庫、嶋中書店,2005（平成17）年5月20日第1刷,2005（平成17）年5月20日第1刷
11971,1670,野村 胡堂,54701,銭形平次捕物控 105 刑場の花嫁,旧字旧仮名,,特定非営利活動法人はるかぜ,門田裕志,公開,2016-07-26,錢形平次捕物全集第二十三卷　刑場の花嫁,同光社,1954（昭和29）年4月5日,1954（昭和29）年4月5日
11972,1670,野村 胡堂,56343,銭形平次捕物控 105 刑場の花嫁,新字新仮名,,特定非営利活動法人はるかぜ,noriko saito,公開,2019-07-15,銭形平次捕物控（十一）懐ろ鏡,嶋中文庫、嶋中書店,2005（平成17）年5月20日第1刷,2005（平成17）年5月20日第1刷
11973,1670,野村 胡堂,54706,銭形平次捕物控 106 懐ろ鏡,旧字旧仮名,,特定非営利活動法人はるかぜ,門田裕志,公開,2016-07-29,錢形平次捕物全集第二十三卷　刑場の花嫁,同光社,1954（昭和29）年4月5日,1954（昭和29）年4月5日
11974,1670,野村 胡堂,56344,銭形平次捕物控 106 懐ろ鏡,新字新仮名,,特定非営利活動法人はるかぜ,noriko saito,公開,2019-07-25,銭形平次捕物控（十一）懐ろ鏡,嶋中文庫、嶋中書店,2005（平成17）年5月20日第1刷,2005（平成17）年5月20日第1刷
11975,1670,野村 胡堂,54702,銭形平次捕物控 107 梅吉殺し,旧字旧仮名,,特定非営利活動法人はるかぜ,門田裕志,公開,2016-08-02,錢形平次捕物全集第二十三卷　刑場の花嫁,同光社,1954（昭和29）年4月5日,1954（昭和29）年4月5日
11976,1670,野村 胡堂,56345,銭形平次捕物控 107 梅吉殺し,新字新仮名,,特定非営利活動法人はるかぜ,noriko saito,公開,2019-08-07,銭形平次捕物控（十一）懐ろ鏡,嶋中文庫、嶋中書店,2005（平成17）年5月20日第1刷,2005（平成17）年5月20日第1刷
11979,1670,野村 胡堂,54677,銭形平次捕物控 109 二人浜路,旧字旧仮名,,特定非営利活動法人はるかぜ,門田裕志,公開,2016-08-08,錢形平次捕物全集第二十卷　狐の嫁入,同光社磯部書房,1953（昭和28）年11月15日,1953（昭和28）年11月15日
11980,1670,野村 胡堂,56346,銭形平次捕物控 109 二人浜路,新字新仮名,,特定非営利活動法人はるかぜ,noriko saito,公開,2019-08-27,銭形平次捕物控（十一）懐ろ鏡,嶋中文庫、嶋中書店,2005（平成17）年5月20日第1刷,2005（平成17）年5月20日第1刷
11981,1670,野村 胡堂,54676,銭形平次捕物控 110 十万両の行方,旧字旧仮名,,特定非営利活動法人はるかぜ,門田裕志,公開,2016-08-10,錢形平次捕物全集第二十卷　狐の嫁入,同光社磯部書房,1953（昭和28）年11月15日,1953（昭和28）年11月15日
11982,1670,野村 胡堂,56359,銭形平次捕物控 110 十万両の行方,新字新仮名,,特定非営利活動法人はるかぜ,noriko saito,公開,2019-09-04,銭形平次捕物控（十一）懐ろ鏡,嶋中文庫、嶋中書店,2005（平成17）年5月20日第1刷,2005（平成17）年5月20日第1刷
11983,1670,野村 胡堂,54674,銭形平次捕物控 111 火遁の術,旧字旧仮名,,特定非営利活動法人はるかぜ,門田裕志,公開,2016-08-12,錢形平次捕物全集第二十卷　狐の嫁入,同光社磯部書房,1953（昭和28）年11月15日,1953（昭和28）年11月15日
11984,1670,野村 胡堂,56370,銭形平次捕物控 111 火遁の術,新字新仮名,,特定非営利活動法人はるかぜ,noriko saito,公開,2020-08-18,銭形平次捕物控（十二）狐の嫁入,嶋中文庫、嶋中書店,2005（平成17）年6月20日第1刷,2005（平成17）年6月20日第1刷
11985,1670,野村 胡堂,56353,銭形平次捕物控 112 狐の嫁入,新字新仮名,,特定非営利活動法人はるかぜ,noriko saito,公開,2020-08-27,銭形平次捕物控（十二）狐の嫁入,嶋中文庫、嶋中書店,2005（平成17）年6月20日第1刷,2005（平成17）年6月20日第1刷
11986,1670,野村 胡堂,54675,銭形平次捕物控 112 狐の嫁入,旧字旧仮名,,特定非営利活動法人はるかぜ,門田裕志,公開,2016-08-15,錢形平次捕物全集第二十卷　狐の嫁入,同光社磯部書房,1953（昭和28）年11月15日,1953（昭和28）年11月15日
11987,1670,野村 胡堂,56385,銭形平次捕物控 113 北冥の魚,新字新仮名,,特定非営利活動法人はるかぜ,noriko saito,公開,2020-09-06,銭形平次捕物控（十二）狐の嫁入,嶋中文庫、嶋中書店,2005（平成17）年6月20日第1刷,2005（平成17）年6月20日第1刷
11988,1670,野村 胡堂,54691,銭形平次捕物控 113 北冥の魚,旧字旧仮名,,特定非営利活動法人はるかぜ,門田裕志,公開,2014-01-26,錢形平次捕物全集第二十二卷　美少年國,同光社,1954（昭和29）年3月25日,1954（昭和29）年11月20日再版
11989,1670,野村 胡堂,56354,銭形平次捕物控 114 遺書の罪,新字新仮名,,特定非営利活動法人はるかぜ,noriko saito,公開,2020-09-17,銭形平次捕物控（十二）狐の嫁入,嶋中文庫、嶋中書店,2005（平成17）年6月20日第1刷,2005（平成17）年6月20日第1刷
11990,1670,野村 胡堂,54683,銭形平次捕物控 114 遺書の罪,旧字旧仮名,,特定非営利活動法人はるかぜ,門田裕志,公開,2016-08-19,錢形平次捕物全集第二十卷　狐の嫁入,同光社磯部書房,1953（昭和28）年11月15日,1953（昭和28）年11月15日
11991,1670,野村 胡堂,54715,銭形平次捕物控 115 二階の娘,旧字旧仮名,,特定非営利活動法人はるかぜ,門田裕志,公開,2016-08-22,錢形平次捕物全集第二十四卷　吹矢の紅,同光社,1954（昭和29）年4月25日,1954（昭和29）年4月25日
11992,1670,野村 胡堂,56339,銭形平次捕物控 115 二階の娘,新字新仮名,,特定非営利活動法人はるかぜ,noriko saito,公開,2020-09-27,銭形平次捕物控（十二）狐の嫁入,嶋中文庫、嶋中書店,2005（平成17）年6月20日第1刷,2005（平成17）年6月20日第1刷
11993,1670,野村 胡堂,54714,銭形平次捕物控 116 女の足跡,旧字旧仮名,,特定非営利活動法人はるかぜ,門田裕志,公開,2016-08-24,錢形平次捕物全集第二十四卷　吹矢の紅,同光社,1954（昭和29）年4月25日,1954（昭和29）年4月25日
11994,1670,野村 胡堂,56375,銭形平次捕物控 116 女の足跡,新字新仮名,,特定非営利活動法人はるかぜ,noriko saito,公開,2020-10-05,銭形平次捕物控（十二）狐の嫁入,嶋中文庫、嶋中書店,2005（平成17）年6月20日第1刷,2005（平成17）年6月20日第1刷
11995,1670,野村 胡堂,54712,銭形平次捕物控 117 雪の夜,旧字旧仮名,,特定非営利活動法人はるかぜ,門田裕志,公開,2016-08-27,錢形平次捕物全集第二十四卷　吹矢の紅,同光社,1954（昭和29）年4月25日,1954（昭和29）年4月25日
11996,1670,野村 胡堂,56340,銭形平次捕物控 117 雪の夜,新字新仮名,,特定非営利活動法人はるかぜ,noriko saito,公開,2020-10-26,銭形平次捕物控（十二）狐の嫁入,嶋中文庫、嶋中書店,2005（平成17）年6月20日第1刷,2005（平成17）年6月20日第1刷
11997,1670,野村 胡堂,54713,銭形平次捕物控 118 吹矢の紅,旧字旧仮名,,特定非営利活動法人はるかぜ,門田裕志,公開,2016-08-30,錢形平次捕物全集第二十四卷　吹矢の紅,同光社,1954（昭和29）年4月25日,1954（昭和29）年4月25日
11998,1670,野村 胡堂,56355,銭形平次捕物控 118 吹矢の紅,新字新仮名,,特定非営利活動法人はるかぜ,noriko saito,公開,2020-11-06,銭形平次捕物控（十二）狐の嫁入,嶋中文庫、嶋中書店,2005（平成17）年6月20日第1刷,2005（平成17）年6月20日第1刷
11999,1670,野村 胡堂,54711,銭形平次捕物控 119 白紙の恐怖,旧字旧仮名,,特定非営利活動法人はるかぜ,門田裕志,公開,2016-09-02,錢形平次捕物全集第二十四卷　吹矢の紅,同光社,1954（昭和29）年4月25日,1954（昭和29）年4月25日
12000,1670,野村 胡堂,56341,銭形平次捕物控 119 白紙の恐怖,新字新仮名,,特定非営利活動法人はるかぜ,noriko saito,公開,2020-11-16,銭形平次捕物控（十二）狐の嫁入,嶋中文庫、嶋中書店,2005（平成17）年6月20日第1刷,2005（平成17）年6月20日第1刷
12001,1670,野村 胡堂,54704,銭形平次捕物控 120 六軒長屋,旧字旧仮名,,特定非営利活動法人はるかぜ,門田裕志,公開,2016-09-05,錢形平次捕物全集第二十三卷　刑場の花嫁,同光社,1954（昭和29）年4月5日,1954（昭和29）年4月5日
12002,1670,野村 胡堂,56369,銭形平次捕物控 120 六軒長屋,新字新仮名,,特定非営利活動法人はるかぜ,noriko saito,公開,2020-11-26,銭形平次捕物控（十二）狐の嫁入,嶋中文庫、嶋中書店,2005（平成17）年6月20日第1刷,2005（平成17）年6月20日第1刷
12005,1670,野村 胡堂,54708,銭形平次捕物控 122 お由良の罪,旧字旧仮名,,特定非営利活動法人はるかぜ,門田裕志,公開,2016-09-09,錢形平次捕物全集第二十四卷　吹矢の紅,同光社,1954（昭和29）年4月25日,1954（昭和29）年4月25日
12006,1670,野村 胡堂,56356,銭形平次捕物控 122 お由良の罪,新字新仮名,,特定非営利活動法人はるかぜ,noriko saito,公開,2020-12-17,銭形平次捕物控（十三）青い帯,嶋中文庫、嶋中書店,2005（平成17）年7月20日第1刷,2005（平成17）年7月20日第1刷
12007,1670,野村 胡堂,54710,銭形平次捕物控 123 矢取娘,旧字旧仮名,,特定非営利活動法人はるかぜ,門田裕志,公開,2016-09-12,錢形平次捕物全集第二十四卷　吹矢の紅,同光社,1954（昭和29）年4月25日,1954（昭和29）年4月25日
12008,1670,野村 胡堂,56380,銭形平次捕物控 123 矢取娘,新字新仮名,,特定非営利活動法人はるかぜ,noriko saito,公開,2020-12-27,銭形平次捕物控（十三）青い帯,嶋中文庫、嶋中書店,2005（平成17）年7月20日第1刷,2005（平成17）年7月20日第1刷
12009,1670,野村 胡堂,56350,銭形平次捕物控 124 唖娘,新字新仮名,,特定非営利活動法人はるかぜ,noriko saito,公開,2019-09-15,銭形平次捕物控（十三）青い帯,嶋中文庫、嶋中書店,2005（平成17）年7月20日第1刷,2005（平成17）年7月20日第1刷
12010,1670,野村 胡堂,54699,銭形平次捕物控 124 唖娘,旧字旧仮名,,特定非営利活動法人はるかぜ,門田裕志,公開,2016-09-15,錢形平次捕物全集第二十三卷　刑場の花嫁,同光社,1954（昭和29）年4月5日,1954（昭和29）年4月5日
12011,1670,野村 胡堂,54707,銭形平次捕物控 125 青い帯,旧字旧仮名,,特定非営利活動法人はるかぜ,門田裕志,公開,2016-09-20,錢形平次捕物全集第二十四卷　吹矢の紅,同光社,1954（昭和29）年4月25日,1954（昭和29）年4月25日
12012,1670,野村 胡堂,56378,銭形平次捕物控 125 青い帯,新字新仮名,,特定非営利活動法人はるかぜ,noriko saito,公開,2019-09-24,銭形平次捕物控（十三）青い帯,嶋中文庫、嶋中書店,2005（平成17）年7月20日第1刷,2005（平成17）年7月20日第1刷
12013,1670,野村 胡堂,54709,銭形平次捕物控 126 辻斬,旧字旧仮名,,特定非営利活動法人はるかぜ,門田裕志,公開,2016-09-23,錢形平次捕物全集第二十四卷　吹矢の紅,同光社,1954（昭和29）年4月25日,1954（昭和29）年4月25日
12014,1670,野村 胡堂,56376,銭形平次捕物控 126 辻斬,新字新仮名,,特定非営利活動法人はるかぜ,noriko saito,公開,2019-10-05,銭形平次捕物控（十三）青い帯,嶋中文庫、嶋中書店,2005（平成17）年7月20日第1刷,2005（平成17）年7月20日第1刷
12017,1670,野村 胡堂,56377,銭形平次捕物控 128 月の隈,新字新仮名,,特定非営利活動法人はるかぜ,noriko saito,公開,2016-09-29,銭形平次捕物控（十三）青い帯,嶋中文庫、嶋中書店,2005（平成17）年7月20日第1刷,2005（平成17）年7月20日第1刷
12018,1670,野村 胡堂,54727,銭形平次捕物控 128 月の隈,旧字旧仮名,,特定非営利活動法人はるかぜ,門田裕志,公開,2016-09-29,錢形平次捕物全集第二十五卷　火の呪ひ,同光社,1954（昭和29）年5月10日,1954（昭和29）年5月10日
12019,1670,野村 胡堂,54726,銭形平次捕物控 129 お吉お雪,旧字旧仮名,,特定非営利活動法人はるかぜ,門田裕志,公開,2016-10-02,錢形平次捕物全集第二十五卷　火の呪ひ,同光社,1954（昭和29）年5月10日,1954（昭和29）年5月10日
12020,1670,野村 胡堂,56373,銭形平次捕物控 129 お吉お雪,新字新仮名,,特定非営利活動法人はるかぜ,noriko saito,公開,2016-10-02,銭形平次捕物控（十三）青い帯,嶋中文庫、嶋中書店,2005（平成17）年7月20日第1刷,2005（平成17）年7月20日第1刷
12021,1670,野村 胡堂,54717,銭形平次捕物控 130 仏敵,旧字旧仮名,,特定非営利活動法人はるかぜ,門田裕志,公開,2016-10-05,錢形平次捕物全集第二十五卷　火の呪ひ,同光社,1954（昭和29）年5月10日,1954（昭和29）年5月10日
12022,1670,野村 胡堂,56374,銭形平次捕物控 130 仏敵,新字新仮名,,特定非営利活動法人はるかぜ,noriko saito,公開,2016-03-24,銭形平次捕物控（十三）青い帯,嶋中文庫、嶋中書店,2005（平成17）年7月20日第1刷,2005（平成17）年7月20日第1刷
12024,1670,野村 胡堂,54725,銭形平次捕物控 132 雛の別れ,旧字旧仮名,,特定非営利活動法人はるかぜ,門田裕志,公開,2016-10-08,錢形平次捕物全集第二十五卷　火の呪ひ,同光社,1954（昭和29）年5月10日,1954（昭和29）年5月10日
12025,1670,野村 胡堂,56403,銭形平次捕物控 132 雛の別れ,新字新仮名,,特定非営利活動法人はるかぜ,noriko saito,公開,2016-10-08,銭形平次捕物控（十四）雛の別れ,嶋中文庫、嶋中書店,2005（平成17）年8月20日第1刷,2005（平成17）年8月20日第1刷
12026,1670,野村 胡堂,54720,銭形平次捕物控 133 井戸の茶碗,旧字旧仮名,,特定非営利活動法人はるかぜ,門田裕志,公開,2016-10-11,錢形平次捕物全集第二十五卷　火の呪ひ,同光社,1954（昭和29）年5月10日,1954（昭和29）年5月10日
12027,1670,野村 胡堂,56401,銭形平次捕物控 133 井戸の茶碗,新字新仮名,,特定非営利活動法人はるかぜ,noriko saito,公開,2016-10-11,銭形平次捕物控（十四）雛の別れ,嶋中文庫、嶋中書店,2005（平成17）年8月20日第1刷,2005（平成17）年8月20日第1刷
12031,1670,野村 胡堂,54721,銭形平次捕物控 136 鐘五郎の死,旧字旧仮名,,特定非営利活動法人はるかぜ,門田裕志,公開,2016-10-26,錢形平次捕物全集第二十五卷　火の呪ひ,同光社,1954（昭和29）年5月10日,1954（昭和29）年5月10日
12032,1670,野村 胡堂,56396,銭形平次捕物控 136 鐘五郎の死,新字新仮名,,特定非営利活動法人はるかぜ,noriko saito,公開,2016-10-26,銭形平次捕物控（十四）雛の別れ,嶋中文庫、嶋中書店,2005（平成17）年8月20日第1刷,2005（平成17）年8月20日第1刷
12033,1670,野村 胡堂,54648,銭形平次捕物控 137 紅い扱帯,旧字旧仮名,,特定非営利活動法人はるかぜ,門田裕志,公開,2016-01-26,錢形平次捕物全集第十七卷　權八の罪,同光社磯部書房,1953（昭和28）年10月10日,1953（昭和28）年10月10日
12034,1670,野村 胡堂,56392,銭形平次捕物控 137 紅い扱帯,新字新仮名,,特定非営利活動法人はるかぜ,noriko saito,公開,2016-10-29,銭形平次捕物控（十四）雛の別れ,嶋中文庫、嶋中書店,2005（平成17）年8月20日第1刷,2005（平成17）年8月20日第1刷
12035,1670,野村 胡堂,54645,銭形平次捕物控 138 第廿七吉,旧字旧仮名,,特定非営利活動法人はるかぜ,門田裕志,公開,2016-01-30,錢形平次捕物全集第十七卷　權八の罪,同光社磯部書房,1953（昭和28）年10月10日,1953（昭和28）年10月10日
12036,1670,野村 胡堂,56394,銭形平次捕物控 138 第廿七吉,新字新仮名,,特定非営利活動法人はるかぜ,noriko saito,公開,2019-11-06,銭形平次捕物控（十四）雛の別れ,嶋中文庫、嶋中書店,2005（平成17）年8月20日第1刷,2005（平成17）年8月20日第1刷
12037,1670,野村 胡堂,56405,銭形平次捕物控 139 父の遺書,新字新仮名,,特定非営利活動法人はるかぜ,noriko saito,公開,2019-11-16,銭形平次捕物控（十四）雛の別れ,嶋中文庫、嶋中書店,2005（平成17）年8月20日第1刷,2005（平成17）年8月20日第1刷
12038,1670,野村 胡堂,54647,銭形平次捕物控 139 父の遺書,旧字旧仮名,,特定非営利活動法人はるかぜ,門田裕志,公開,2016-02-05,錢形平次捕物全集第十七卷　權八の罪,同光社磯部書房,1953（昭和28）年10月10日,1953（昭和28）年10月10日
12039,1670,野村 胡堂,54649,銭形平次捕物控 140 五つの命,旧字旧仮名,,特定非営利活動法人はるかぜ,門田裕志,公開,2016-02-08,錢形平次捕物全集第十七卷　權八の罪,同光社磯部書房,1953（昭和28）年10月10日,1953（昭和28）年10月10日
12040,1670,野村 胡堂,56398,銭形平次捕物控 140 五つの命,新字新仮名,,特定非営利活動法人はるかぜ,noriko saito,公開,2019-11-26,銭形平次捕物控（十四）雛の別れ,嶋中文庫、嶋中書店,2005（平成17）年8月20日第1刷,2005（平成17）年8月20日第1刷
12041,1670,野村 胡堂,54646,銭形平次捕物控 141 二枚の小判,旧字旧仮名,,特定非営利活動法人はるかぜ,門田裕志,公開,2016-02-11,錢形平次捕物全集第十七卷　權八の罪,同光社磯部書房,1953（昭和28）年10月10日,1953（昭和28）年10月10日
12042,1670,野村 胡堂,56391,銭形平次捕物控 141 二枚の小判,新字新仮名,,特定非営利活動法人はるかぜ,結城宏,公開,2019-12-05,銭形平次捕物控（十五）茶碗割り,嶋中文庫、嶋中書店,2005（平成17）年9月20日第1刷,2005（平成17）年9月20日第1刷
12043,1670,野村 胡堂,54644,銭形平次捕物控 142 権八の罪,旧字旧仮名,,特定非営利活動法人はるかぜ,門田裕志,公開,2016-02-14,錢形平次捕物全集第十七卷　權八の罪,同光社磯部書房,1953（昭和28）年10月10日,1953（昭和28）年10月10日
12044,1670,野村 胡堂,56390,銭形平次捕物控 142 権八の罪,新字新仮名,,特定非営利活動法人はるかぜ,結城宏,公開,2019-12-15,銭形平次捕物控（十五）茶碗割り,嶋中文庫、嶋中書店,2005（平成17）年9月20日第1刷,2005（平成17）年9月20日第1刷
12045,1670,野村 胡堂,54643,銭形平次捕物控 143 仏喜三郎,旧字旧仮名,,特定非営利活動法人はるかぜ,門田裕志,公開,2016-02-19,錢形平次捕物全集第十七卷　權八の罪,同光社磯部書房,1953（昭和28）年10月10日,1953（昭和28）年10月10日
12046,1670,野村 胡堂,56389,銭形平次捕物控 143 仏喜三郎,新字新仮名,,特定非営利活動法人はるかぜ,結城宏,公開,2019-12-27,銭形平次捕物控（十五）茶碗割り,嶋中文庫、嶋中書店,2005（平成17）年9月20日第1刷,2005（平成17）年9月20日第1刷
12047,1670,野村 胡堂,56388,銭形平次捕物控 144 茶碗割り,新字新仮名,,特定非営利活動法人はるかぜ,結城宏,公開,2020-01-08,銭形平次捕物控（十五）茶碗割り,嶋中文庫、嶋中書店,2005（平成17）年9月20日第1刷,2005（平成17）年9月20日第1刷
12048,1670,野村 胡堂,54640,銭形平次捕物控 144 茶碗割り,旧字旧仮名,,特定非営利活動法人はるかぜ,門田裕志,公開,2016-02-23,錢形平次捕物全集第十七卷　權八の罪,同光社磯部書房,1953（昭和28）年10月10日,1953（昭和28）年10月10日
12049,1670,野村 胡堂,54641,銭形平次捕物控 145 蜘蛛の巣,旧字旧仮名,,特定非営利活動法人はるかぜ,門田裕志,公開,2016-02-26,錢形平次捕物全集第十七卷　權八の罪,同光社磯部書房,1953（昭和28）年10月10日,1953（昭和28）年10月10日
12050,1670,野村 胡堂,56406,銭形平次捕物控 145 蜘蛛の巣,新字新仮名,,特定非営利活動法人はるかぜ,結城宏,公開,2020-01-18,銭形平次捕物控（十五）茶碗割り,嶋中文庫、嶋中書店,2005（平成17）年9月20日第1刷,2005（平成17）年9月20日第1刷
12051,1670,野村 胡堂,54642,銭形平次捕物控 146 秤座政談,旧字旧仮名,,特定非営利活動法人はるかぜ,門田裕志,公開,2016-03-02,錢形平次捕物全集第十七卷　權八の罪,同光社磯部書房,1953（昭和28）年10月10日,1953（昭和28）年10月10日
12052,1670,野村 胡堂,56400,銭形平次捕物控 146 秤座政談,新字新仮名,,特定非営利活動法人はるかぜ,結城宏,公開,2020-01-28,銭形平次捕物控（十五）茶碗割り,嶋中文庫、嶋中書店,2005（平成17）年9月20日第1刷,2005（平成17）年9月20日第1刷
12053,1670,野村 胡堂,54651,銭形平次捕物控 147 縞の財布,旧字旧仮名,,特定非営利活動法人はるかぜ,門田裕志,公開,2016-03-05,錢形平次捕物全集第十七卷　權八の罪,同光社磯部書房,1953（昭和28）年10月10日,1953（昭和28）年10月10日
12054,1670,野村 胡堂,56402,銭形平次捕物控 147 縞の財布,新字新仮名,,特定非営利活動法人はるかぜ,結城宏,公開,2020-02-06,銭形平次捕物控（十五）茶碗割り,嶋中文庫、嶋中書店,2005（平成17）年9月20日第1刷,2005（平成17）年9月20日第1刷
12055,1670,野村 胡堂,54655,銭形平次捕物控 148 彦徳の面,旧字旧仮名,,特定非営利活動法人はるかぜ,門田裕志,公開,2016-03-08,錢形平次捕物全集第十八卷　彦徳の面,同光社磯部書房,1953（昭和28）年10月20日,1953（昭和28）年10月20日
12056,1670,野村 胡堂,56404,銭形平次捕物控 148 彦徳の面,新字新仮名,,特定非営利活動法人はるかぜ,結城宏,公開,2020-02-12,銭形平次捕物控（十五）茶碗割り,嶋中文庫、嶋中書店,2005（平成17）年9月20日第1刷,2005（平成17）年9月20日第1刷
12057,1670,野村 胡堂,56393,銭形平次捕物控 149 遺言状,新字新仮名,,特定非営利活動法人はるかぜ,結城宏,公開,2020-02-27,銭形平次捕物控（十五）茶碗割り,嶋中文庫、嶋中書店,2005（平成17）年9月20日第1刷,2005（平成17）年9月20日第1刷
12058,1670,野村 胡堂,54652,銭形平次捕物控 149 遺言状,旧字旧仮名,,特定非営利活動法人はるかぜ,門田裕志,公開,2016-03-11,錢形平次捕物全集第十八卷　彦徳の面,同光社磯部書房,1953（昭和28）年10月20日,1953（昭和28）年10月20日
12059,1670,野村 胡堂,54657,銭形平次捕物控 150 槍の折れ,旧字旧仮名,,特定非営利活動法人はるかぜ,門田裕志,公開,2016-03-14,錢形平次捕物全集第十八卷　彦徳の面,同光社磯部書房,1953（昭和28）年10月20日,1953（昭和28）年10月20日
12060,1670,野村 胡堂,56399,銭形平次捕物控 150 槍の折れ,新字新仮名,,特定非営利活動法人はるかぜ,noriko saito,公開,2015-05-02,銭形平次捕物控（十五）茶碗割り,嶋中文庫、嶋中書店,2005（平成17）年9月20日第1刷,2005（平成17）年9月20日第1刷
12062,1670,野村 胡堂,57213,銭形平次捕物控 152 棟梁の娘,新字新仮名,,特定非営利活動法人はるかぜ,結城宏,公開,2020-03-07,橋の上の女　――銭形平次傑作選②,潮出版社,1992（平成4）年12月15日,1992（平成4）年12月15日
12063,1670,野村 胡堂,55693,銭形平次捕物控 152 棟梁の娘,旧字旧仮名,,特定非営利活動法人はるかぜ,門田裕志,公開,2017-10-26,錢形平次捕物全集第二十九卷　浮世繪の女,同光社,1954（昭和29）年7月15日,1954（昭和29）年7月15日
12079,1670,野村 胡堂,58210,銭形平次捕物控 168 詭計の豆,新字新仮名,,結城宏,江村秀之,公開,2020-03-18,銭形平次捕物控（九）　全十冊,角川文庫、角川書店,1968（昭和43）年3月30日11版,1968（昭和43）年3月30日11版
12080,1670,野村 胡堂,54667,銭形平次捕物控 168 詭計の豆,旧字旧仮名,,特定非営利活動法人はるかぜ,門田裕志,公開,2016-06-04,錢形平次捕物全集第十九卷　神隱し,同光社磯部書房,1953（昭和28）年11月5日,1953（昭和28）年11月5日
12086,1670,野村 胡堂,57206,銭形平次捕物控 174 髷切り,新字新仮名,,特定非営利活動法人はるかぜ,結城宏,公開,2020-03-28,橋の上の女　――銭形平次傑作選②,潮出版社,1992（平成4）年12月15日,1992（平成4）年12月15日
12087,1670,野村 胡堂,54681,銭形平次捕物控 174 髷切り,旧字旧仮名,,特定非営利活動法人はるかぜ,門田裕志,公開,2016-06-23,錢形平次捕物全集第二十卷　狐の嫁入,同光社磯部書房,1953（昭和28）年11月15日,1953（昭和28）年11月15日
12095,1670,野村 胡堂,58209,銭形平次捕物控 182 尼が紅,新字新仮名,,結城宏,江村秀之,公開,2020-04-10,銭形平次捕物控（九）　全十冊,角川文庫、角川書店,1968（昭和43）年3月30日11版,1968（昭和43）年3月30日11版
12096,1670,野村 胡堂,54673,銭形平次捕物控 182 尼が紅,旧字旧仮名,,特定非営利活動法人はるかぜ,門田裕志,公開,2016-07-09,錢形平次捕物全集第十九卷　神隱し,同光社磯部書房,1953（昭和28）年11月5日,1953（昭和28）年11月5日
12110,1670,野村 胡堂,57207,銭形平次捕物控 200 死骸の花嫁,新字新仮名,,特定非営利活動法人はるかぜ,noriko saito,公開,2020-04-19,七人の花嫁　――銭形平次傑作選①,潮出版社,1992（平成4）年12月15日,1992（平成4）年12月15日
12111,1670,野村 胡堂,54728,銭形平次捕物控 200 死骸の花嫁,旧字旧仮名,,特定非営利活動法人はるかぜ,門田裕志,公開,2017-03-14,錢形平次捕物全集第二十五卷　火の呪ひ,同光社,1954（昭和29）年5月10日,1954（昭和29）年5月10日
12120,1670,野村 胡堂,54754,銭形平次捕物控 211 遠眼鏡の殿様,旧字旧仮名,,特定非営利活動法人はるかぜ,門田裕志,公開,2017-04-16,錢形平次捕物全集第二十八卷　遠眼鏡の殿樣,同光社,1954（昭和29）年6月25日,1954（昭和29）年6月25日
12121,1670,野村 胡堂,57248,銭形平次捕物控 211 遠眼鏡の殿様,新字新仮名,,特定非営利活動法人はるかぜ,江村秀之,公開,2020-04-28,奇譚　銭形平次　「銭形平次捕物控」傑作選,ＰＨＰ文庫、ＰＨＰ研究所,2008（平成20）年10月17日第1版第1刷,2008（平成20）年10月17日第1版第1刷
12123,1670,野村 胡堂,57214,銭形平次捕物控 213 一と目千両,新字新仮名,,特定非営利活動法人はるかぜ,結城宏,公開,2020-05-07,橋の上の女　――銭形平次傑作選②,潮出版社,1992（平成4）年12月15日,1992（平成4）年12月15日
12124,1670,野村 胡堂,54748,銭形平次捕物控 213 一と目千両,旧字旧仮名,,特定非営利活動法人はるかぜ,門田裕志,公開,2017-04-22,錢形平次捕物全集第二十七卷　猿蟹合戰,同光社,1954（昭和29）年6月10日,1954（昭和29）年6月10日
12143,1670,野村 胡堂,57215,銭形平次捕物控 233 鬼の面,新字新仮名,,特定非営利活動法人はるかぜ,結城宏,公開,2017-06-20,銭形平次捕物控　鬼の面,毎日新聞社,1999（平成11）年3月10日,1999（平成11）年3月10日
12144,1670,野村 胡堂,54759,銭形平次捕物控 233 鬼の面,旧字旧仮名,,特定非営利活動法人はるかぜ,門田裕志,公開,2017-06-17,錢形平次捕物全集第三十卷　色若衆,同光社,1954（昭和29）年8月5日,1954（昭和29）年8月5日
12145,1670,野村 胡堂,57205,銭形平次捕物控 236 夕立の女,新字新仮名,,特定非営利活動法人はるかぜ,結城宏,公開,2017-06-23,銭形平次捕物控　鬼の面,毎日新聞社,1999（平成11）年3月10日,1999（平成11）年3月10日
12146,1670,野村 胡堂,54765,銭形平次捕物控 236 夕立の女,旧字旧仮名,,特定非営利活動法人はるかぜ,門田裕志,公開,2017-06-20,錢形平次捕物全集第三十卷　色若衆,同光社,1954（昭和29）年8月5日,1954（昭和29）年8月5日
12147,1670,野村 胡堂,55701,銭形平次捕物控 237 毒酒薬酒,旧字旧仮名,,特定非営利活動法人はるかぜ,門田裕志,公開,2017-06-23,錢形平次捕物全集第三十四卷　江戸の夜光石,同光社,1954（昭和29）年10月25日,1954（昭和29）年10月25日
12148,1670,野村 胡堂,57208,銭形平次捕物控 237 毒酒薬酒,新字新仮名,,特定非営利活動法人はるかぜ,結城宏,公開,2017-06-26,銭形平次捕物控　鬼の面,毎日新聞社,1999（平成11）年3月10日,1999（平成11）年3月10日
12151,1670,野村 胡堂,57203,銭形平次捕物控 239 群盗,新字新仮名,,特定非営利活動法人はるかぜ,結城宏,公開,2017-06-17,銭形平次捕物控　鬼の面,毎日新聞社,1999（平成11）年3月10日,1999（平成11）年3月10日
12152,1670,野村 胡堂,55850,銭形平次捕物控 239 群盗,旧字旧仮名,,特定非営利活動法人はるかぜ,門田裕志,公開,2017-06-29,錢形平次捕物全集第三十五卷　花嫁の幻想,同光社,1954（昭和29）年11月15日,1954（昭和29）年11月15日
12158,1670,野村 胡堂,57202,銭形平次捕物控 246 万両分限,新字新仮名,,特定非営利活動法人はるかぜ,結城宏,公開,2017-07-14,銭形平次捕物控　猿回し,毎日新聞社,1999（平成11）年6月10日,1999（平成11）年6月10日
12159,1670,野村 胡堂,54583,銭形平次捕物控 246 万両分限,旧字旧仮名,,特定非営利活動法人はるかぜ,門田裕志,公開,2015-07-26,錢形平次捕物全集第三卷　五月人形,同光社磯部書房,1953（昭和28）年6月20日再版,1953（昭和28）年6月20日再版
12187,1670,野村 胡堂,54585,銭形平次捕物控 277 和蘭の銀貨,旧字旧仮名,,特定非営利活動法人はるかぜ,門田裕志,公開,2015-12-18,錢形平次捕物全集第三卷　五月人形,同光社磯部書房,1953（昭和28）年6月20日再版,1953（昭和28）年6月20日再版
12188,1670,野村 胡堂,57250,銭形平次捕物控 277 和蘭の銀貨,新字新仮名,,特定非営利活動法人はるかぜ,noriko saito,公開,2020-05-17,鬼の面　――銭形平次傑作選③,潮出版社,1992（平成4）年12月15日,1992（平成4）年12月15日
12193,1670,野村 胡堂,54588,銭形平次捕物控 282 密室,旧字旧仮名,,特定非営利活動法人はるかぜ,門田裕志,公開,2015-12-24,錢形平次捕物全集第四卷　からくり屋敷,同光社磯部書房,1953（昭和28）年5月10日,1953（昭和28）年5月10日
12194,1670,野村 胡堂,57247,銭形平次捕物控 282 密室,新字新仮名,,特定非営利活動法人はるかぜ,江村秀之,公開,2020-05-27,奇譚　銭形平次　「銭形平次捕物控」傑作選,ＰＨＰ文庫、ＰＨＰ研究所,2008（平成20）年10月17日第1版第1刷,2008（平成20）年10月17日第1版第1刷
12205,1670,野村 胡堂,57249,銭形平次捕物控 297 花見の留守,新字新仮名,,特定非営利活動法人はるかぜ,noriko saito,公開,2020-06-07,鬼の面　――銭形平次傑作選③,潮出版社,1992（平成4）年12月15日,1992（平成4）年12月15日
12206,1670,野村 胡堂,54599,銭形平次捕物控 297 花見の留守,旧字旧仮名,,特定非営利活動法人はるかぜ,門田裕志,公開,2015-05-29,錢形平次捕物全集第五卷　蝉丸の香爐,同光社磯部書房,1953（昭和28）年6月20日再版,1953（昭和28）年6月20日再版
12225,1670,野村 胡堂,54769,銭形平次捕物控 320 お六の役目,旧字旧仮名,,特定非営利活動法人はるかぜ,門田裕志,公開,2017-02-05,錢形平次捕物全集第三十四卷　江戸の夜光石,同光社,1954（昭和29）年10月25日,1954（昭和29）年10月25日
12226,1670,野村 胡堂,57212,銭形平次捕物控 320 お六の役目,新字新仮名,,特定非営利活動法人はるかぜ,結城宏,公開,2020-06-17,橋の上の女　――銭形平次傑作選②,潮出版社,1992（平成4）年12月15日,1992（平成4）年12月15日
12227,1670,野村 胡堂,55702,銭形平次捕物控 321 橋場の人魚,旧字旧仮名,,特定非営利活動法人はるかぜ,門田裕志,公開,2017-02-08,錢形平次捕物全集第三十四卷　江戸の夜光石,同光社,1954（昭和29）年10月25日,1954（昭和29）年10月25日
12228,1670,野村 胡堂,57211,銭形平次捕物控 321 橋場の人魚,新字新仮名,,特定非営利活動法人はるかぜ,結城宏,公開,2020-06-28,橋の上の女　――銭形平次傑作選②,潮出版社,1992（平成4）年12月15日,1992（平成4）年12月15日
12765,1412,林田 清明,52949,夜光虫,新字新仮名,林田 清明,林田清明,林田清明,公開,2011-04-03,,,,
12766,1412,林田 清明,52950,夜光虫,旧字旧仮名,林田 清明,林田清明,林田清明,公開,2011-04-03,,,,
13274,296,福沢 諭吉,50298,人生の楽事,旧字旧仮名,,田中哲郎,小林繁雄,公開,2011-05-07,福澤諭吉全集　第14卷,岩波書店,1970（昭和45）年11月13日再版,1970（昭和45）年11月13日再版
13275,296,福沢 諭吉,50297,人生の楽事,新字新仮名,,田中哲郎,hitsuji,公開,2020-02-03,福澤諭吉著作集　第5巻　学問之独立　慶應義塾之記,慶應義塾大学出版会,2002（平成14）年11月15日初版第1刷,2004（平成16）年11月15日初版第2刷
13577,1030,堀 辰雄,55419,恢復期,旧字旧仮名,,大沢たかお,岡村和彦,公開,2012-11-27,堀辰雄作品集第一卷,筑摩書房,1982（昭和57）年5月28日初版第1刷,1982（昭和57）年5月28日初版第1刷　
13578,1030,堀 辰雄,4811,恢復期,新字新仮名,,kompass,染川隆俊,公開,2004-02-07,燃ゆる頬・聖家族,新潮文庫、新潮社,1987（昭和62）年10月20日51刷,
13613,1030,堀 辰雄,4802,聖家族,新字新仮名,,kompass,松永正敏,公開,2004-02-25,昭和文学全集　第6巻,小学館,1988（昭和63）年6月1日初版第1刷,1988（昭和63）年6月1日初版第1刷
13614,1030,堀 辰雄,55420,聖家族,旧字旧仮名,,大沢たかお,岡村和彦,公開,2012-11-23,堀辰雄作品集第一卷,筑摩書房,1982（昭和57）年5月28日初版第1刷,1982（昭和57）年5月28日初版第1刷
13618,1030,堀 辰雄,4816,旅の絵,新字新仮名,,kompass,染川隆俊,公開,2004-02-12,燃ゆる頬・聖家族,新潮文庫、新潮社,1987（昭和62）年10月20日51刷,
13619,1030,堀 辰雄,55421,旅の絵,旧字旧仮名,,大沢たかお,岡村和彦,公開,2012-11-27,堀辰雄作品集第一卷,筑摩書房,1982（昭和57）年5月28日初版第1刷,1982（昭和57）年5月28日初版第1刷　
13644,1030,堀 辰雄,4809,花を持てる女,新字新仮名,,kompass,染川隆俊,公開,2004-03-02,幼年時代・晩夏,新潮文庫、新潮社,1987（昭和62）年9月15日38刷,
13645,1030,堀 辰雄,47926,花を持てる女,旧字旧仮名,,tatsuki,染川隆俊,公開,2013-06-24,堀辰雄作品集第四卷,筑摩書房,1982（昭和57）年8月30日初版第1刷,1982（昭和57）年8月30日初版第1刷
13671,1030,堀 辰雄,55423,窓,旧字旧仮名,,大沢たかお,岡村和彦,公開,2012-11-30,堀辰雄作品集第一卷,筑摩書房,1982（昭和57）年5月28日初版第1刷,1982（昭和57）年5月28日初版第1刷　
13672,1030,堀 辰雄,4842,窓,新字新仮名,,横尾、近藤,松永正敏,公開,2004-01-21,堀辰雄集　新潮日本文学16,新潮社,1992（平成4）年5月20日16刷,
13679,1030,堀 辰雄,4813,麦藁帽子,新字新仮名,,kompass,染川隆俊,公開,2004-02-02,燃ゆる頬・聖家族,新潮文庫、新潮社,1987（昭和62）年10月20日51刷,
13680,1030,堀 辰雄,55424,麦藁帽子,旧字旧仮名,,大沢たかお,岡村和彦,公開,2012-12-03,堀辰雄作品集第一卷,筑摩書房,1982（昭和57）年5月28日初版第1刷,1982（昭和57）年5月28日初版第1刷　
13685,1030,堀 辰雄,4814,燃ゆる頬,新字新仮名,,kompass,染川隆俊,公開,2004-02-02,燃ゆる頬・聖家族,新潮文庫、新潮社,1987（昭和62）年10月20日51刷,
13686,1030,堀 辰雄,55425,燃ゆる頬,旧字旧仮名,,大沢たかお,岡村和彦,公開,2012-12-03,堀辰雄作品集第一卷,筑摩書房,1982（昭和57）年5月28日初版第1刷,1982（昭和57）年5月28日初版第1刷　
13700,1030,堀 辰雄,4815,ルウベンスの偽画,新字新仮名,,kompass,染川隆俊,公開,2004-02-07,燃ゆる頬・聖家族,新潮文庫、新潮社,1987（昭和62）年10月20日51刷,
13701,1030,堀 辰雄,55426,ルウベンスの偽画,旧字旧仮名,,大沢たかお,岡村和彦,公開,2012-12-07,堀辰雄作品集第一卷,筑摩書房,1982（昭和57）年5月28日初版第1刷,1982（昭和57）年5月28日初版第1刷　
14254,305,正岡 子規,46534,歌よみに与ふる書,新字新仮名,,kompass,高瀬竜一,公開,2016-09-17,子規選集　第七巻　子規の短歌革新,増進会出版社,2002（平成14）年4月12日初版第1刷,2002（平成14）年4月12日初版第1刷
14255,305,正岡 子規,43494,歌よみに与ふる書,旧字旧仮名,,川向直樹,土屋隆,公開,2010-02-27,子規全集　第七卷　歌論　選歌,講談社,1975（昭和50）年7月18日第1刷,1975（昭和50）年7月18日第1刷
14261,305,正岡 子規,1902,九月十四日の朝,旧字旧仮名,,渡邉つよし,浦田伴俊,公開,2000-12-12,日本の名随筆19　秋,作品社,1991（平成3）年9月1日第12刷,
14262,305,正岡 子規,50382,九月十四日の朝,新字新仮名,,ゆうき,noriko saito,公開,2010-06-26,飯待つ間,岩波文庫、岩波書店,2001（平成13）年11月7日第10刷,2009（平成21）年11月11日第13刷
14322,1581,正宗 白鳥,57319,入江のほとり,旧字旧仮名,,山村信一郎,フクポー,公開,2018-10-28,正宗白鳥全集第五卷,福武書店,1983（昭和58）年12月25日,1983（昭和58）年12月25日
14323,1581,正宗 白鳥,53030,入江のほとり,新字新仮名,,住吉,山村信一郎,公開,2015-10-28,日本文学全集11　正宗白鳥集,集英社,1969（昭和44）年7月12日,1969（昭和44）年7月12日
14483,218,三木 清,1914,人生論ノート,新字新仮名,,阿部哲也,砂場清隆,公開,2018-01-05,人生論ノート,新潮文庫、新潮社,2012（平成24）年9月5日106刷,2017（平成29）年5月5日111刷
14484,218,三木 清,46845,人生論ノート,旧字旧仮名,,石井彰文,川山隆,公開,2008-02-18,三木清全集第一巻,岩波書店,1966（昭和41）年10月17日,1966（昭和41）年10月17日
14486,218,三木 清,43291,省察 神の存在、及び人間の霊魂と肉体との区別を論証する、第一哲学についての,新字新仮名,三木 清,京都大学電子テクスト研究会入力班,京都大学電子テクスト研究会校正班,公開,2006-03-07,省察,岩波文庫、岩波書店,1958（昭和33）年12月20日第13刷,
14487,218,三木 清,4730,省察 神の存在、及び人間の霊魂と肉体との区別を論証する、第一哲学についての,旧字旧仮名,三木 清,山下裕嗣,Juki,公開,2016-03-31,省察,岩波文庫、岩波書店,1969（昭和44）年第24刷発行,1977（昭和52）年8月20日第33刷発行
14713,81,宮沢 賢治,43737,銀河鉄道の夜,新字新仮名,,幸野素子,土屋隆,公開,2005-08-26,銀河鉄道の夜,角川文庫、角川書店,1987（昭和62）年3月30日改版50版,1991（平成3）年6月10日改版65版
14714,81,宮沢 賢治,46322,銀河鉄道の夜,旧字旧仮名,,高柳典子,土屋隆,公開,2006-10-14,銀河鉄道の夜,岩波文庫、岩波書店,1962（昭和37）年3月30日第13刷,1962（昭和37）年3月30日第13刷
16539,129,森 鴎外,679,寒山拾得,旧字旧仮名,,青空文庫,,公開,1997-10-08,鴎外全集　第十六卷,岩波書店,1973（昭和48）年2月22日,1973（昭和48）年2月22日
16540,129,森 鴎外,1071,寒山拾得,新字新仮名,,佐野良二,伊藤時也,公開,2000-09-12,日本の文学　3　森鴎外（二）,中央公論社,1967（昭和42）年2月4日初版,
16541,129,森 鴎外,43732,寒山拾得縁起,新字新仮名,,佐野良二,伊藤時也,公開,2000-09-12,日本の文学　3　森鴎外（二）,中央公論社,1967（昭和42）年2月4日初版,
16542,129,森 鴎外,43039,寒山拾得縁起,旧字旧仮名,,青空文庫,,公開,1997-10-08,鴎外全集　第十六卷,岩波書店,1973（昭和48）年2月22日,1973（昭和48）年2月22日
16554,129,森 鴎外,687,最後の一句,旧字旧仮名,,青空文庫,,公開,1997-10-08,日本現代文學全集　7　森鴎外集,講談社,1980（昭和55）年5月26日増補改訂版第1刷,1980（昭和55）年5月26日増補改訂版第1刷
16555,129,森 鴎外,45244,最後の一句,新字新仮名,,kompass,土屋隆,公開,2006-04-18,山椒大夫・高瀬舟他四篇,岩波文庫、岩波書店,1991（平成3）年12月5日第66刷,1995（平成7）年12月5日第74刷
16584,129,森 鴎外,692,高瀬舟,旧字旧仮名,,岡島昭浩,小林繁雄,公開,1997-07-07,中央公論　第三十一年第一號,中央公論社,1916（大正5）年1月,1916（大正5）年1月
16586,129,森 鴎外,45245,高瀬舟,新字新仮名,,kompass,土屋隆,公開,2006-04-20,山椒大夫・高瀬舟他四篇,岩波文庫、岩波書店,1967（昭和42）年6月16日第34刷改版、1991（平成3）年12月5日第66刷,1967（昭和42）年6月16日第34刷改版、1995（平成7）年12月5日第74刷
16587,129,森 鴎外,46234,高瀬舟縁起,新字新仮名,,kompass,土屋隆,公開,2006-04-20,山椒大夫・高瀬舟他四篇,岩波文庫、岩波書店,1967（昭和42）年6月16日第34刷改版、1991（平成3）年12月5日第66刷,1967（昭和42）年6月16日第34刷改版、1995（平成7）年12月5日第74刷
16588,129,森 鴎外,43038,高瀬舟縁起,旧字旧仮名,,青空文庫,,公開,1997-10-16,日本現代文學全集　7　森鴎外集,講談社,1980（昭和55）年5月26日増補改訂版第1刷,1980（昭和55）年5月26日増補改訂版第1刷
16628,129,森 鴎外,58126,舞姫,新字新仮名,,高瀬竜一,岡村和彦,公開,2021-07-09,舞姫,集英社文庫、集英社,2011（平成23）年3月8日第13刷,2011（平成23）年6月6日第14刷
16630,129,森 鴎外,682,舞姫,旧字旧仮名,,青空文庫,,公開,1997-10-08,日本現代文學全集　7　森鴎外集,講談社,1980（昭和55）年5月26日増補改訂版第1刷,1980（昭和55）年5月26日増補改訂版第1刷
16895,1566,柳田 国男,58443,食料名彙,新字新仮名,,フクポー,木下聡,公開,2019-07-31,柳田國男全集20,ちくま文庫、筑摩書房,1990（平成2）年7月31日第1刷,1990（平成2）年7月31日第1刷
16896,1566,柳田 国男,58032,食料名彙,旧字旧仮名,,フクポー,津村田悟,公開,2021-08-08,定本柳田國男集　第二十九卷,筑摩書房,1964（昭和39）年5月25日,1964（昭和39）年5月25日
17968,162,若山 牧水,4649,みなかみ紀行,旧字旧仮名,,林幸雄,松永正敏,公開,2004-06-03,現代日本紀行文学全集　東日本編,ほるぷ出版,1976（昭和51）年8月1日初版,
17969,162,若山 牧水,56933,みなかみ紀行,新字新仮名,,kompass,岡村和彦,公開,2017-08-24,みなかみ紀行,中公文庫、中央公論社,1993（平成5）年5月10日,1993（平成5）年5月10日
