aozora-hack/cards/000879/files/24453_ruby_46814,蜜柑,芥川 竜之介,旧字旧仮名,24453_ruby_46814.txt
aozora-hack/cards/000879/files/43017_ruby_17394,蜜柑,芥川 竜之介,新字新仮名,43017_ruby_17394.txt
aozora-hack/cards/000879/files/179_ruby_168,藪の中,芥川 竜之介,新字新仮名,179_ruby_168.txt
aozora-hack/cards/000879/files/24454_ruby_46815,藪の中,芥川 竜之介,旧字旧仮名,24454_ruby_46815.txt
aozora-hack/cards/000879/files/128_ruby_2046,羅生門,芥川 竜之介,旧字旧仮名,128_ruby_2046.txt
aozora-hack/cards/000879/files/127_ruby_150,羅生門,芥川 竜之介,新字新仮名,127_ruby_150.txt
aozora-hack/cards/000050/files/57477_ruby_59418,三尺角,泉 鏡花,新字新仮名,57477_ruby_59418.txt
aozora-hack/cards/000050/files/4739_ruby_13829,三尺角,泉 鏡花,旧字旧仮名,4739_ruby_13829.txt
aozora-hack/cards/000050/files/43224_ruby_19893,雪霊記事,泉 鏡花,新字新仮名,43224_ruby_19893.txt
aozora-hack/cards/000050/files/1184_ruby_19834,雪霊記事,泉 鏡花,旧字旧仮名,1184_ruby_19834.txt
aozora-hack/cards/000050/files/43225_ruby_19894,雪霊続記,泉 鏡花,新字新仮名,43225_ruby_19894.txt
aozora-hack/cards/000050/files/1185_ruby_19835,雪霊続記,泉 鏡花,旧字旧仮名,1185_ruby_19835.txt
aozora-hack/cards/000050/files/4741_ruby_10245,星あかり,泉 鏡花,旧字旧仮名,4741_ruby_10245.txt
aozora-hack/cards/000050/files/1188_ruby_21705,星あかり,泉 鏡花,新字新仮名,1188_ruby_21705.txt
aozora-hack/cards/000058/files/1036_ruby_20584,水害雑録,伊藤 左千夫,新字新仮名,1036_ruby_20584.txt
aozora-hack/cards/000058/files/4396_ruby_6262,水害雑録,伊藤 左千夫,旧字旧仮名,4396_ruby_6262.txt
aozora-hack/cards/000058/files/625_ruby_20586,奈々子,伊藤 左千夫,新字新仮名,625_ruby_20586.txt
aozora-hack/cards/000058/files/4397_ruby_6265,奈々子,伊藤 左千夫,旧字旧仮名,4397_ruby_6265.txt
aozora-hack/cards/000058/files/51306_txt_51293,八幡の森,伊藤 左千夫,旧字旧仮名,51306_txt_51293.txt
aozora-hack/cards/000058/files/57970_ruby_67659,八幡の森,伊藤 左千夫,新字新仮名,57970_ruby_67659.txt
aozora-hack/cards/000082/files/1312_ruby_22469,修禅寺物語,岡本 綺堂,新字新仮名,1312_ruby_22469.txt
aozora-hack/cards/000082/files/45457_ruby_29693,修禅寺物語,岡本 綺堂,旧字旧仮名,45457_ruby_29693.txt
aozora-hack/cards/000082/files/1293_ruby_5382,半七捕物帳 01 お文の魂,岡本 綺堂,新字新仮名,1293_ruby_5382.txt
aozora-hack/cards/000091/files/50354_ruby_65968,鬼桃太郎,尾崎 紅葉,新字新仮名,50354_ruby_65968.txt
aozora-hack/cards/000091/files/50355_ruby_66675,鬼桃太郎,尾崎 紅葉,旧字旧仮名,50355_ruby_66675.txt
aozora-hack/cards/000933/files/24380_ruby_33406,死者の書,折口 信夫,旧字旧仮名,24380_ruby_33406.txt
aozora-hack/cards/000933/files/4398_ruby_14165,死者の書,折口 信夫,新字新仮名,4398_ruby_14165.txt
aozora-hack/cards/000933/files/45499_ruby_25810,山越しの阿弥陀像の画因,折口 信夫,旧字旧仮名,45499_ruby_25810.txt
aozora-hack/cards/000933/files/46386_ruby_25812,山越しの阿弥陀像の画因,折口 信夫,新字新仮名,46386_ruby_25812.txt
aozora-hack/cards/000984/files/47059_ruby_29517,子をつれて,葛西 善蔵,新字新仮名,47059_ruby_29517.txt
aozora-hack/cards/000984/files/51221_ruby_42639,子をつれて,葛西 善蔵,旧字旧仮名,51221_ruby_42639.txt
aozora-hack/cards/000074/files/46349_ruby_23599,檸檬,梶井 基次郎,旧字旧仮名,46349_ruby_23599.txt
aozora-hack/cards/000074/files/424_ruby_19825,檸檬,梶井 基次郎,新字新仮名,424_ruby_19825.txt
aozora-hack/cards/000038/files/1410_ruby_5686,画の悲み,国木田 独歩,旧字旧仮名,1410_ruby_5686.txt
aozora-hack/cards/000038/files/1411_ruby_46,画の悲み,国木田 独歩,新字新仮名,1411_ruby_46.txt
aozora-hack/cards/000038/files/334_ruby_4268,少年の悲哀,国木田 独歩,新字新仮名,334_ruby_4268.txt
aozora-hack/cards/000038/files/326_ruby_5992,少年の悲哀,国木田 独歩,旧字旧仮名,326_ruby_5992.txt
aozora-hack/cards/001229/files/50263_ruby_53983,革命の研究,クロポトキン ピョートル・アレクセーヴィチ,旧字旧仮名,50263_ruby_53983.txt
aozora-hack/cards/001229/files/50507_txt_49288,革命の研究,クロポトキン ピョートル・アレクセーヴィチ,新字新仮名,50507_txt_49288.txt
aozora-hack/cards/000258/files/52949_ruby_42574,夜光虫,小泉 八雲,新字新仮名,52949_ruby_42574.txt
aozora-hack/cards/000258/files/52950_ruby_42572,夜光虫,小泉 八雲,旧字旧仮名,52950_ruby_42572.txt
aozora-hack/cards/000008/files/47383_ruby_37825,癩,島木 健作,旧字旧仮名,47383_ruby_37825.txt
aozora-hack/cards/000008/files/697_ruby_20889,癩,島木 健作,新字新仮名,697_ruby_20889.txt
aozora-hack/cards/000035/files/259_txt_5297,逆行,太宰 治,旧字旧仮名,259_txt_5297.txt
aozora-hack/cards/000035/files/260_ruby_34636,逆行,太宰 治,新字新仮名,260_ruby_34636.txt
aozora-hack/cards/000035/files/45688_ruby_21351,五所川原,太宰 治,新字新仮名,45688_ruby_21351.txt
aozora-hack/cards/000035/files/52522_txt_45425,五所川原,太宰 治,旧字旧仮名,52522_txt_45425.txt
aozora-hack/cards/000035/files/2263_ruby_2917,猿面冠者,太宰 治,新字新仮名,2263_ruby_2917.txt
aozora-hack/cards/000035/files/2262_txt_34628,猿面冠者,太宰 治,旧字旧仮名,2262_txt_34628.txt
aozora-hack/cards/000035/files/52682_txt_45427,私信,太宰 治,旧字旧仮名,52682_txt_45427.txt
aozora-hack/cards/000035/files/45674_ruby_20803,私信,太宰 治,新字新仮名,45674_ruby_20803.txt
aozora-hack/cards/000035/files/52462_ruby_45428,自信の無さ,太宰 治,旧字旧仮名,52462_ruby_45428.txt
aozora-hack/cards/000035/files/45675_ruby_20802,自信の無さ,太宰 治,新字新仮名,45675_ruby_20802.txt
aozora-hack/cards/000035/files/52374_txt_45429,春昼,太宰 治,旧字旧仮名,52374_txt_45429.txt
aozora-hack/cards/000035/files/43573_ruby_17862,春昼,太宰 治,新字新仮名,43573_ruby_17862.txt
aozora-hack/cards/000035/files/45676_ruby_20801,世界的,太宰 治,新字新仮名,45676_ruby_20801.txt
aozora-hack/cards/000035/files/52684_txt_45404,世界的,太宰 治,旧字旧仮名,52684_txt_45404.txt
aozora-hack/cards/000035/files/1575_ruby_24932,ダス・ゲマイネ,太宰 治,旧字旧仮名,1575_ruby_24932.txt
aozora-hack/cards/000035/files/42945_ruby_14903,ダス・ゲマイネ,太宰 治,新字新仮名,42945_ruby_14903.txt
aozora-hack/cards/000035/files/52523_txt_45403,砂子屋,太宰 治,旧字旧仮名,52523_txt_45403.txt
aozora-hack/cards/000035/files/45689_ruby_21352,砂子屋,太宰 治,新字新仮名,45689_ruby_21352.txt
aozora-hack/cards/000035/files/52464_txt_45088,無趣味,太宰 治,旧字旧仮名,52464_txt_45088.txt
aozora-hack/cards/000035/files/45671_ruby_20800,無趣味,太宰 治,新字新仮名,45671_ruby_20800.txt
aozora-hack/cards/000035/files/52686_txt_45089,無題,太宰 治,旧字旧仮名,52686_txt_45089.txt
aozora-hack/cards/000035/files/45690_ruby_21353,無題,太宰 治,新字新仮名,45690_ruby_21353.txt
aozora-hack/cards/000035/files/52526_txt_45083,容貌,太宰 治,旧字旧仮名,52526_txt_45083.txt
aozora-hack/cards/000035/files/1596_ruby_18020,容貌,太宰 治,新字新仮名,1596_ruby_18020.txt
aozora-hack/cards/000035/files/52687_txt_45091,横綱,太宰 治,旧字旧仮名,52687_txt_45091.txt
aozora-hack/cards/000035/files/45691_ruby_21557,横綱,太宰 治,新字新仮名,45691_ruby_21557.txt
aozora-hack/cards/000035/files/312_ruby_2924,列車,太宰 治,新字新仮名,312_ruby_2924.txt
aozora-hack/cards/000035/files/313_ruby_2022,列車,太宰 治,旧字旧仮名,313_ruby_2022.txt
aozora-hack/cards/000035/files/45668_ruby_20027,六月十九日,太宰 治,新字新仮名,45668_ruby_20027.txt
aozora-hack/cards/000035/files/52235_txt_41684,六月十九日,太宰 治,旧字旧仮名,52235_txt_41684.txt
aozora-hack/cards/000035/files/52292_txt_45084,私の著作集,太宰 治,旧字旧仮名,52292_txt_45084.txt
aozora-hack/cards/000035/files/45673_ruby_20799,私の著作集,太宰 治,新字新仮名,45673_ruby_20799.txt
aozora-hack/cards/001155/files/50220_ruby_41740,六号室,チェーホフ アントン,新字新仮名,50220_ruby_41740.txt
aozora-hack/cards/001155/files/45667_ruby_23728,六号室,チェーホフ アントン,旧字旧仮名,45667_ruby_23728.txt
aozora-hack/cards/001029/files/4730_txt_58052,省察 神の存在、及び人間の霊魂と肉体との区別を論証する、第一哲学についての,デカルト ルネ,旧字旧仮名,4730_txt_58052.txt
aozora-hack/cards/001029/files/43291_ruby_20925,省察 神の存在、及び人間の霊魂と肉体との区別を論証する、第一哲学についての,デカルト ルネ,新字新仮名,43291_ruby_20925.txt
aozora-hack/cards/000042/files/2442_ruby_10346,写生紀行,寺田 寅彦,新字新仮名,2442_ruby_10346.txt
aozora-hack/cards/000042/files/4654_ruby_13835,写生紀行,寺田 寅彦,旧字旧仮名,4654_ruby_13835.txt
aozora-hack/cards/000119/files/24438_ruby_11131,盈虚,中島 敦,新字新仮名,24438_ruby_11131.txt
aozora-hack/cards/000119/files/4336_ruby_7822,盈虚,中島 敦,旧字旧仮名,4336_ruby_7822.txt
aozora-hack/cards/000119/files/46429_ruby_26935,環礁 ――ミクロネシヤ巡島記抄――,中島 敦,新字新仮名,46429_ruby_26935.txt
aozora-hack/cards/000119/files/24444_ruby_16598,環礁 ――ミクロネシヤ巡島記抄――,中島 敦,旧字旧仮名,24444_ruby_16598.txt
aozora-hack/cards/000119/files/618_ruby_2379,狐憑,中島 敦,旧字旧仮名,618_ruby_2379.txt
aozora-hack/cards/000119/files/56247_ruby_72246,狐憑,中島 敦,新字新仮名,56247_ruby_72246.txt
aozora-hack/cards/000119/files/623_ruby_18352,山月記,中島 敦,旧字旧仮名,623_ruby_18352.txt
aozora-hack/cards/000119/files/624_ruby_5668,山月記,中島 敦,新字新仮名,624_ruby_5668.txt
aozora-hack/cards/000119/files/620_ruby_657,名人伝,中島 敦,旧字旧仮名,620_ruby_657.txt
aozora-hack/cards/000119/files/621_ruby_661,名人伝,中島 敦,新字新仮名,621_ruby_661.txt
aozora-hack/cards/000148/files/55936_ruby_66914,京に着ける夕,夏目 漱石,旧字旧仮名,55936_ruby_66914.txt
aozora-hack/cards/000148/files/1749_ruby_19433,子規の画,夏目 漱石,旧字旧仮名,1749_ruby_19433.txt
aozora-hack/cards/000148/files/56923_ruby_66668,門,夏目 漱石,旧字旧仮名,56923_ruby_66668.txt
aozora-hack/cards/000148/files/785_ruby_1656,門,夏目 漱石,新字新仮名,785_ruby_1656.txt
aozora-hack/cards/000718/files/46288_ruby_25137,教育の目的,新渡戸 稲造,旧字旧仮名,46288_ruby_25137.txt
aozora-hack/cards/000718/files/50670_ruby_37831,教育の目的,新渡戸 稲造,新字新仮名,50670_ruby_37831.txt
aozora-hack/cards/001670/files/54695_ruby_51984,銭形平次捕物控 001 金色の処女,野村 胡堂,旧字旧仮名,54695_ruby_51984.txt
aozora-hack/cards/001670/files/56372_ruby_63483,銭形平次捕物控 001 金色の処女,野村 胡堂,新字新仮名,56372_ruby_63483.txt
aozora-hack/cards/001670/files/56278_ruby_63495,銭形平次捕物控 002 振袖源太,野村 胡堂,新字新仮名,56278_ruby_63495.txt
aozora-hack/cards/001670/files/55682_ruby_52740,銭形平次捕物控 002 振袖源太,野村 胡堂,旧字旧仮名,55682_ruby_52740.txt
aozora-hack/cards/001670/files/54622_ruby_53160,銭形平次捕物控 003 大盗懺悔,野村 胡堂,旧字旧仮名,54622_ruby_53160.txt
aozora-hack/cards/001670/files/56314_ruby_63503,銭形平次捕物控 003 大盗懺悔,野村 胡堂,新字新仮名,56314_ruby_63503.txt
aozora-hack/cards/001670/files/57233_ruby_63788,銭形平次捕物控 006 復讐鬼の姿,野村 胡堂,新字新仮名,57233_ruby_63788.txt
aozora-hack/cards/001670/files/54693_ruby_51998,銭形平次捕物控 006 復讐鬼の姿,野村 胡堂,旧字旧仮名,54693_ruby_51998.txt
aozora-hack/cards/001670/files/56383_ruby_63795,銭形平次捕物控 007 お珊文身調べ,野村 胡堂,新字新仮名,56383_ruby_63795.txt
aozora-hack/cards/001670/files/55655_ruby_53560,銭形平次捕物控 007 お珊文身調べ,野村 胡堂,旧字旧仮名,55655_ruby_53560.txt
aozora-hack/cards/001670/files/57094_ruby_60062,銭形平次捕物控 008 鈴を慕う女,野村 胡堂,旧字旧仮名,57094_ruby_60062.txt
aozora-hack/cards/001670/files/56347_ruby_63801,銭形平次捕物控 008 鈴を慕う女,野村 胡堂,新字新仮名,56347_ruby_63801.txt
aozora-hack/cards/001670/files/57216_ruby_63826,銭形平次捕物控 010 七人の花嫁,野村 胡堂,新字新仮名,57216_ruby_63826.txt
aozora-hack/cards/001670/files/54694_ruby_52003,銭形平次捕物控 010 七人の花嫁,野村 胡堂,旧字旧仮名,54694_ruby_52003.txt
aozora-hack/cards/001670/files/56301_ruby_64014,銭形平次捕物控 011 南蛮秘法箋,野村 胡堂,新字新仮名,56301_ruby_64014.txt
aozora-hack/cards/001670/files/54613_ruby_53010,銭形平次捕物控 011 南蛮秘法箋,野村 胡堂,旧字旧仮名,54613_ruby_53010.txt
aozora-hack/cards/001670/files/54632_ruby_53292,銭形平次捕物控 014 たぬき囃子,野村 胡堂,旧字旧仮名,54632_ruby_53292.txt
aozora-hack/cards/001670/files/56302_ruby_64024,銭形平次捕物控 014 たぬき囃子,野村 胡堂,新字新仮名,56302_ruby_64024.txt
aozora-hack/cards/001670/files/55653_ruby_53549,銭形平次捕物控 015 怪伝白い鼠,野村 胡堂,旧字旧仮名,55653_ruby_53549.txt
aozora-hack/cards/001670/files/56371_ruby_64039,銭形平次捕物控 015 怪伝白い鼠,野村 胡堂,新字新仮名,56371_ruby_64039.txt
aozora-hack/cards/001670/files/54627_ruby_53135,銭形平次捕物控 016 人魚の死,野村 胡堂,旧字旧仮名,54627_ruby_53135.txt
aozora-hack/cards/001670/files/56293_ruby_71237,銭形平次捕物控 016 人魚の死,野村 胡堂,新字新仮名,56293_ruby_71237.txt
aozora-hack/cards/001670/files/55506_ruby_53531,銭形平次捕物控 022 名馬罪あり,野村 胡堂,旧字旧仮名,55506_ruby_53531.txt
aozora-hack/cards/001670/files/56284_ruby_64286,銭形平次捕物控 022 名馬罪あり,野村 胡堂,新字新仮名,56284_ruby_64286.txt
aozora-hack/cards/001670/files/55505_ruby_53525,銭形平次捕物控 023 血潮と糠,野村 胡堂,旧字旧仮名,55505_ruby_53525.txt
aozora-hack/cards/001670/files/56276_ruby_64320,銭形平次捕物控 023 血潮と糠,野村 胡堂,新字新仮名,56276_ruby_64320.txt
aozora-hack/cards/001670/files/54639_ruby_53324,銭形平次捕物控 024 平次女難,野村 胡堂,旧字旧仮名,54639_ruby_53324.txt
aozora-hack/cards/001670/files/56309_ruby_64553,銭形平次捕物控 024 平次女難,野村 胡堂,新字新仮名,56309_ruby_64553.txt
aozora-hack/cards/001670/files/57232_ruby_64576,銭形平次捕物控 027 幻の民五郎,野村 胡堂,新字新仮名,57232_ruby_64576.txt
aozora-hack/cards/001670/files/54628_ruby_53141,銭形平次捕物控 027 幻の民五郎,野村 胡堂,旧字旧仮名,54628_ruby_53141.txt
aozora-hack/cards/001670/files/54633_ruby_53302,銭形平次捕物控 028 歎きの菩薩,野村 胡堂,旧字旧仮名,54633_ruby_53302.txt
aozora-hack/cards/001670/files/56306_ruby_64591,銭形平次捕物控 028 歎きの菩薩,野村 胡堂,新字新仮名,56306_ruby_64591.txt
aozora-hack/cards/001670/files/55649_ruby_53545,銭形平次捕物控 031 濡れた千両箱,野村 胡堂,旧字旧仮名,55649_ruby_53545.txt
aozora-hack/cards/001670/files/56360_ruby_64895,銭形平次捕物控 031 濡れた千両箱,野村 胡堂,新字新仮名,56360_ruby_64895.txt
aozora-hack/cards/001670/files/55647_ruby_53541,銭形平次捕物控 032 路地の足跡,野村 胡堂,旧字旧仮名,55647_ruby_53541.txt
aozora-hack/cards/001670/files/56348_ruby_64908,銭形平次捕物控 032 路地の足跡,野村 胡堂,新字新仮名,56348_ruby_64908.txt
aozora-hack/cards/001670/files/54615_ruby_53018,銭形平次捕物控 034 謎の鍵穴,野村 胡堂,旧字旧仮名,54615_ruby_53018.txt
aozora-hack/cards/001670/files/56282_ruby_65154,銭形平次捕物控 034 謎の鍵穴,野村 胡堂,新字新仮名,56282_ruby_65154.txt
aozora-hack/cards/001670/files/54611_ruby_52991,銭形平次捕物控 035 傀儡名臣,野村 胡堂,旧字旧仮名,54611_ruby_52991.txt
aozora-hack/cards/001670/files/56289_ruby_65171,銭形平次捕物控 035 傀儡名臣,野村 胡堂,新字新仮名,56289_ruby_65171.txt
aozora-hack/cards/001670/files/54594_ruby_56442,銭形平次捕物控 037 人形の誘惑,野村 胡堂,旧字旧仮名,54594_ruby_56442.txt
aozora-hack/cards/001670/files/56291_ruby_65187,銭形平次捕物控 037 人形の誘惑,野村 胡堂,新字新仮名,56291_ruby_65187.txt
aozora-hack/cards/001670/files/54603_ruby_58042,銭形平次捕物控 038 一枚の文銭,野村 胡堂,旧字旧仮名,54603_ruby_58042.txt
aozora-hack/cards/001670/files/56231_ruby_65423,銭形平次捕物控 038 一枚の文銭,野村 胡堂,新字新仮名,56231_ruby_65423.txt
aozora-hack/cards/001670/files/54605_ruby_56470,銭形平次捕物控 042 庚申横町,野村 胡堂,旧字旧仮名,54605_ruby_56470.txt
aozora-hack/cards/001670/files/56230_ruby_65451,銭形平次捕物控 042 庚申横町,野村 胡堂,新字新仮名,56230_ruby_65451.txt
aozora-hack/cards/001670/files/54635_ruby_53289,銭形平次捕物控 043 和蘭カルタ,野村 胡堂,旧字旧仮名,54635_ruby_53289.txt
aozora-hack/cards/001670/files/56303_ruby_65634,銭形平次捕物控 043 和蘭カルタ,野村 胡堂,新字新仮名,56303_ruby_65634.txt
aozora-hack/cards/001670/files/54606_ruby_56833,銭形平次捕物控 045 御落胤殺し,野村 胡堂,旧字旧仮名,54606_ruby_56833.txt
aozora-hack/cards/001670/files/56319_ruby_65649,銭形平次捕物控 045 御落胤殺し,野村 胡堂,新字新仮名,56319_ruby_65649.txt
aozora-hack/cards/001670/files/54604_ruby_56841,銭形平次捕物控 046 双生児の呪,野村 胡堂,旧字旧仮名,54604_ruby_56841.txt
aozora-hack/cards/001670/files/56317_ruby_65662,銭形平次捕物控 046 双生児の呪,野村 胡堂,新字新仮名,56317_ruby_65662.txt
aozora-hack/cards/001670/files/54609_ruby_56456,銭形平次捕物控 048 お藤は解く,野村 胡堂,旧字旧仮名,54609_ruby_56456.txt
aozora-hack/cards/001670/files/56304_ruby_65918,銭形平次捕物控 048 お藤は解く,野村 胡堂,新字新仮名,56304_ruby_65918.txt
aozora-hack/cards/001670/files/54608_ruby_56461,銭形平次捕物控 050 碁敵,野村 胡堂,旧字旧仮名,54608_ruby_56461.txt
aozora-hack/cards/001670/files/56320_ruby_65929,銭形平次捕物控 050 碁敵,野村 胡堂,新字新仮名,56320_ruby_65929.txt
aozora-hack/cards/001670/files/54629_ruby_53306,銭形平次捕物控 051 迷子札,野村 胡堂,旧字旧仮名,54629_ruby_53306.txt
aozora-hack/cards/001670/files/56305_ruby_71253,銭形平次捕物控 051 迷子札,野村 胡堂,新字新仮名,56305_ruby_71253.txt
aozora-hack/cards/001670/files/54617_ruby_52996,銭形平次捕物控 056 地獄から来た男,野村 胡堂,旧字旧仮名,54617_ruby_52996.txt
aozora-hack/cards/001670/files/56281_ruby_65947,銭形平次捕物控 056 地獄から来た男,野村 胡堂,新字新仮名,56281_ruby_65947.txt
aozora-hack/cards/001670/files/56271_ruby_65957,銭形平次捕物控 057 死の矢文,野村 胡堂,新字新仮名,56271_ruby_65957.txt
aozora-hack/cards/001670/files/54614_ruby_53022,銭形平次捕物控 057 死の矢文,野村 胡堂,旧字旧仮名,54614_ruby_53022.txt
aozora-hack/cards/001670/files/54618_ruby_53001,銭形平次捕物控 059 酒屋火事,野村 胡堂,旧字旧仮名,54618_ruby_53001.txt
aozora-hack/cards/001670/files/56280_ruby_65969,銭形平次捕物控 059 酒屋火事,野村 胡堂,新字新仮名,56280_ruby_65969.txt
aozora-hack/cards/001670/files/54625_ruby_53162,銭形平次捕物控 062 城の絵図面,野村 胡堂,旧字旧仮名,54625_ruby_53162.txt
aozora-hack/cards/001670/files/56295_ruby_66274,銭形平次捕物控 062 城の絵図面,野村 胡堂,新字新仮名,56295_ruby_66274.txt
aozora-hack/cards/001670/files/54610_ruby_56466,銭形平次捕物控 063 花見の仇討,野村 胡堂,旧字旧仮名,54610_ruby_56466.txt
aozora-hack/cards/001670/files/56292_ruby_71397,銭形平次捕物控 063 花見の仇討,野村 胡堂,新字新仮名,56292_ruby_71397.txt
aozora-hack/cards/001670/files/55656_ruby_53759,銭形平次捕物控 064 九百九十両,野村 胡堂,旧字旧仮名,55656_ruby_53759.txt
aozora-hack/cards/001670/files/56279_ruby_66282,銭形平次捕物控 064 九百九十両,野村 胡堂,新字新仮名,56279_ruby_66282.txt
aozora-hack/cards/001670/files/54631_ruby_53309,銭形平次捕物控 065 結納の行方,野村 胡堂,旧字旧仮名,54631_ruby_53309.txt
aozora-hack/cards/001670/files/56297_ruby_66293,銭形平次捕物控 065 結納の行方,野村 胡堂,新字新仮名,56297_ruby_66293.txt
aozora-hack/cards/001670/files/54602_ruby_56452,銭形平次捕物控 068 辻斬綺談,野村 胡堂,旧字旧仮名,54602_ruby_56452.txt
aozora-hack/cards/001670/files/56274_ruby_66472,銭形平次捕物控 068 辻斬綺談,野村 胡堂,新字新仮名,56274_ruby_66472.txt
aozora-hack/cards/001670/files/54598_ruby_56393,銭形平次捕物控 071 平次屠蘇機嫌,野村 胡堂,旧字旧仮名,54598_ruby_56393.txt
aozora-hack/cards/001670/files/56290_ruby_66479,銭形平次捕物控 071 平次屠蘇機嫌,野村 胡堂,新字新仮名,56290_ruby_66479.txt
aozora-hack/cards/001670/files/54624_ruby_53153,銭形平次捕物控 073 黒い巾着,野村 胡堂,旧字旧仮名,54624_ruby_53153.txt
aozora-hack/cards/001670/files/56296_ruby_66498,銭形平次捕物控 073 黒い巾着,野村 胡堂,新字新仮名,56296_ruby_66498.txt
aozora-hack/cards/001670/files/54612_ruby_53027,銭形平次捕物控 076 竹光の殺人,野村 胡堂,旧字旧仮名,54612_ruby_53027.txt
aozora-hack/cards/001670/files/56308_ruby_66687,銭形平次捕物控 076 竹光の殺人,野村 胡堂,新字新仮名,56308_ruby_66687.txt
aozora-hack/cards/001670/files/54630_ruby_53316,銭形平次捕物控 077 八五郎の恋,野村 胡堂,旧字旧仮名,54630_ruby_53316.txt
aozora-hack/cards/001670/files/56298_ruby_66709,銭形平次捕物控 077 八五郎の恋,野村 胡堂,新字新仮名,56298_ruby_66709.txt
aozora-hack/cards/001670/files/54620_ruby_53156,銭形平次捕物控 078 十手の道,野村 胡堂,旧字旧仮名,54620_ruby_53156.txt
aozora-hack/cards/001670/files/56316_ruby_66912,銭形平次捕物控 078 十手の道,野村 胡堂,新字新仮名,56316_ruby_66912.txt
aozora-hack/cards/001670/files/54636_ruby_53286,銭形平次捕物控 079 十七の娘,野村 胡堂,旧字旧仮名,54636_ruby_53286.txt
aozora-hack/cards/001670/files/56311_ruby_66933,銭形平次捕物控 079 十七の娘,野村 胡堂,新字新仮名,56311_ruby_66933.txt
aozora-hack/cards/001670/files/54634_ruby_53296,銭形平次捕物控 080 捕物仁義,野村 胡堂,旧字旧仮名,54634_ruby_53296.txt
aozora-hack/cards/001670/files/56307_ruby_66946,銭形平次捕物控 080 捕物仁義,野村 胡堂,新字新仮名,56307_ruby_66946.txt
aozora-hack/cards/001670/files/55511_ruby_53538,銭形平次捕物控 081 受難の通人,野村 胡堂,旧字旧仮名,55511_ruby_53538.txt
aozora-hack/cards/001670/files/56277_ruby_67377,銭形平次捕物控 081 受難の通人,野村 胡堂,新字新仮名,56277_ruby_67377.txt
aozora-hack/cards/001670/files/55684_ruby_52748,銭形平次捕物控 082 お局お六,野村 胡堂,旧字旧仮名,55684_ruby_52748.txt
aozora-hack/cards/001670/files/56286_ruby_67393,銭形平次捕物控 082 お局お六,野村 胡堂,新字新仮名,56286_ruby_67393.txt
aozora-hack/cards/001670/files/56351_ruby_67409,銭形平次捕物控 083 鉄砲汁,野村 胡堂,新字新仮名,56351_ruby_67409.txt
aozora-hack/cards/001670/files/55657_ruby_53564,銭形平次捕物控 083 鉄砲汁,野村 胡堂,旧字旧仮名,55657_ruby_53564.txt
aozora-hack/cards/001670/files/55681_ruby_52734,銭形平次捕物控 090 禁制の賦,野村 胡堂,旧字旧仮名,55681_ruby_52734.txt
aozora-hack/cards/001670/files/56362_ruby_67660,銭形平次捕物控 090 禁制の賦,野村 胡堂,新字新仮名,56362_ruby_67660.txt
aozora-hack/cards/001670/files/56381_ruby_67679,銭形平次捕物控 091 笑い茸,野村 胡堂,新字新仮名,56381_ruby_67679.txt
aozora-hack/cards/001670/files/55686_ruby_52719,銭形平次捕物控 091 笑い茸,野村 胡堂,旧字旧仮名,55686_ruby_52719.txt
aozora-hack/cards/001670/files/55679_ruby_52710,銭形平次捕物控 098 紅筆願文,野村 胡堂,旧字旧仮名,55679_ruby_52710.txt
aozora-hack/cards/001670/files/56382_ruby_67957,銭形平次捕物控 098 紅筆願文,野村 胡堂,新字新仮名,56382_ruby_67957.txt
aozora-hack/cards/001670/files/55678_ruby_52729,銭形平次捕物控 099 お篠姉妹,野村 胡堂,旧字旧仮名,55678_ruby_52729.txt
aozora-hack/cards/001670/files/56386_ruby_67975,銭形平次捕物控 099 お篠姉妹,野村 胡堂,新字新仮名,56386_ruby_67975.txt
aozora-hack/cards/001670/files/56368_ruby_68197,銭形平次捕物控 101 お秀の父,野村 胡堂,新字新仮名,56368_ruby_68197.txt
aozora-hack/cards/001670/files/54700_ruby_59439,銭形平次捕物控 101 お秀の父,野村 胡堂,旧字旧仮名,54700_ruby_59439.txt
aozora-hack/cards/001670/files/54698_ruby_59441,銭形平次捕物控 102 金蔵の行方,野村 胡堂,旧字旧仮名,54698_ruby_59441.txt
aozora-hack/cards/001670/files/56361_ruby_68213,銭形平次捕物控 102 金蔵の行方,野村 胡堂,新字新仮名,56361_ruby_68213.txt
aozora-hack/cards/001670/files/54705_ruby_59444,銭形平次捕物控 103 巨盗還る,野村 胡堂,旧字旧仮名,54705_ruby_59444.txt
aozora-hack/cards/001670/files/56384_ruby_68226,銭形平次捕物控 103 巨盗還る,野村 胡堂,新字新仮名,56384_ruby_68226.txt
aozora-hack/cards/001670/files/54703_ruby_59447,銭形平次捕物控 104 活き仏,野村 胡堂,旧字旧仮名,54703_ruby_59447.txt
aozora-hack/cards/001670/files/56357_ruby_68427,銭形平次捕物控 104 活き仏,野村 胡堂,新字新仮名,56357_ruby_68427.txt
aozora-hack/cards/001670/files/54701_ruby_59450,銭形平次捕物控 105 刑場の花嫁,野村 胡堂,旧字旧仮名,54701_ruby_59450.txt
aozora-hack/cards/001670/files/56343_ruby_68441,銭形平次捕物控 105 刑場の花嫁,野村 胡堂,新字新仮名,56343_ruby_68441.txt
aozora-hack/cards/001670/files/54706_ruby_59455,銭形平次捕物控 106 懐ろ鏡,野村 胡堂,旧字旧仮名,54706_ruby_59455.txt
aozora-hack/cards/001670/files/56344_ruby_68456,銭形平次捕物控 106 懐ろ鏡,野村 胡堂,新字新仮名,56344_ruby_68456.txt
aozora-hack/cards/001670/files/54702_ruby_59499,銭形平次捕物控 107 梅吉殺し,野村 胡堂,旧字旧仮名,54702_ruby_59499.txt
aozora-hack/cards/001670/files/56345_ruby_68699,銭形平次捕物控 107 梅吉殺し,野村 胡堂,新字新仮名,56345_ruby_68699.txt
aozora-hack/cards/001670/files/54677_ruby_59507,銭形平次捕物控 109 二人浜路,野村 胡堂,旧字旧仮名,54677_ruby_59507.txt
aozora-hack/cards/001670/files/56346_ruby_68729,銭形平次捕物控 109 二人浜路,野村 胡堂,新字新仮名,56346_ruby_68729.txt
aozora-hack/cards/001670/files/54676_ruby_59509,銭形平次捕物控 110 十万両の行方,野村 胡堂,旧字旧仮名,54676_ruby_59509.txt
aozora-hack/cards/001670/files/56359_ruby_69021,銭形平次捕物控 110 十万両の行方,野村 胡堂,新字新仮名,56359_ruby_69021.txt
aozora-hack/cards/001670/files/54674_ruby_59511,銭形平次捕物控 111 火遁の術,野村 胡堂,旧字旧仮名,54674_ruby_59511.txt
aozora-hack/cards/001670/files/56370_ruby_71415,銭形平次捕物控 111 火遁の術,野村 胡堂,新字新仮名,56370_ruby_71415.txt
aozora-hack/cards/001670/files/56353_ruby_71428,銭形平次捕物控 112 狐の嫁入,野村 胡堂,新字新仮名,56353_ruby_71428.txt
aozora-hack/cards/001670/files/54675_ruby_59515,銭形平次捕物控 112 狐の嫁入,野村 胡堂,旧字旧仮名,54675_ruby_59515.txt
aozora-hack/cards/001670/files/56385_ruby_71617,銭形平次捕物控 113 北冥の魚,野村 胡堂,新字新仮名,56385_ruby_71617.txt
aozora-hack/cards/001670/files/54691_ruby_52017,銭形平次捕物控 113 北冥の魚,野村 胡堂,旧字旧仮名,54691_ruby_52017.txt
aozora-hack/cards/001670/files/56354_ruby_71633,銭形平次捕物控 114 遺書の罪,野村 胡堂,新字新仮名,56354_ruby_71633.txt
aozora-hack/cards/001670/files/54683_ruby_59520,銭形平次捕物控 114 遺書の罪,野村 胡堂,旧字旧仮名,54683_ruby_59520.txt
aozora-hack/cards/001670/files/54715_ruby_59523,銭形平次捕物控 115 二階の娘,野村 胡堂,旧字旧仮名,54715_ruby_59523.txt
aozora-hack/cards/001670/files/56339_ruby_71650,銭形平次捕物控 115 二階の娘,野村 胡堂,新字新仮名,56339_ruby_71650.txt
aozora-hack/cards/001670/files/54714_ruby_59524,銭形平次捕物控 116 女の足跡,野村 胡堂,旧字旧仮名,54714_ruby_59524.txt
aozora-hack/cards/001670/files/56375_ruby_71859,銭形平次捕物控 116 女の足跡,野村 胡堂,新字新仮名,56375_ruby_71859.txt
aozora-hack/cards/001670/files/54712_ruby_59528,銭形平次捕物控 117 雪の夜,野村 胡堂,旧字旧仮名,54712_ruby_59528.txt
aozora-hack/cards/001670/files/56340_ruby_71892,銭形平次捕物控 117 雪の夜,野村 胡堂,新字新仮名,56340_ruby_71892.txt
aozora-hack/cards/001670/files/54713_ruby_59532,銭形平次捕物控 118 吹矢の紅,野村 胡堂,旧字旧仮名,54713_ruby_59532.txt
aozora-hack/cards/001670/files/56355_ruby_72065,銭形平次捕物控 118 吹矢の紅,野村 胡堂,新字新仮名,56355_ruby_72065.txt
aozora-hack/cards/001670/files/54711_ruby_59578,銭形平次捕物控 119 白紙の恐怖,野村 胡堂,旧字旧仮名,54711_ruby_59578.txt
aozora-hack/cards/001670/files/56341_ruby_72082,銭形平次捕物控 119 白紙の恐怖,野村 胡堂,新字新仮名,56341_ruby_72082.txt
aozora-hack/cards/001670/files/54704_ruby_59582,銭形平次捕物控 120 六軒長屋,野村 胡堂,旧字旧仮名,54704_ruby_59582.txt
aozora-hack/cards/001670/files/56369_ruby_72093,銭形平次捕物控 120 六軒長屋,野村 胡堂,新字新仮名,56369_ruby_72093.txt
aozora-hack/cards/001670/files/54708_ruby_59587,銭形平次捕物控 122 お由良の罪,野村 胡堂,旧字旧仮名,54708_ruby_59587.txt
aozora-hack/cards/001670/files/56356_ruby_72266,銭形平次捕物控 122 お由良の罪,野村 胡堂,新字新仮名,56356_ruby_72266.txt
aozora-hack/cards/001670/files/54710_ruby_59591,銭形平次捕物控 123 矢取娘,野村 胡堂,旧字旧仮名,54710_ruby_59591.txt
aozora-hack/cards/001670/files/56380_ruby_72283,銭形平次捕物控 123 矢取娘,野村 胡堂,新字新仮名,56380_ruby_72283.txt
aozora-hack/cards/001670/files/56350_ruby_69037,銭形平次捕物控 124 唖娘,野村 胡堂,新字新仮名,56350_ruby_69037.txt
aozora-hack/cards/001670/files/54699_ruby_59595,銭形平次捕物控 124 唖娘,野村 胡堂,旧字旧仮名,54699_ruby_59595.txt
aozora-hack/cards/001670/files/54707_ruby_59602,銭形平次捕物控 125 青い帯,野村 胡堂,旧字旧仮名,54707_ruby_59602.txt
aozora-hack/cards/001670/files/56378_ruby_69054,銭形平次捕物控 125 青い帯,野村 胡堂,新字新仮名,56378_ruby_69054.txt
aozora-hack/cards/001670/files/54709_ruby_59606,銭形平次捕物控 126 辻斬,野村 胡堂,旧字旧仮名,54709_ruby_59606.txt
aozora-hack/cards/001670/files/56376_ruby_69261,銭形平次捕物控 126 辻斬,野村 胡堂,新字新仮名,56376_ruby_69261.txt
aozora-hack/cards/001670/files/56377_ruby_59665,銭形平次捕物控 128 月の隈,野村 胡堂,新字新仮名,56377_ruby_59665.txt
aozora-hack/cards/001670/files/54727_ruby_59663,銭形平次捕物控 128 月の隈,野村 胡堂,旧字旧仮名,54727_ruby_59663.txt
aozora-hack/cards/001670/files/54726_ruby_59964,銭形平次捕物控 129 お吉お雪,野村 胡堂,旧字旧仮名,54726_ruby_59964.txt
aozora-hack/cards/001670/files/56373_ruby_59965,銭形平次捕物控 129 お吉お雪,野村 胡堂,新字新仮名,56373_ruby_59965.txt
aozora-hack/cards/001670/files/54717_ruby_59969,銭形平次捕物控 130 仏敵,野村 胡堂,旧字旧仮名,54717_ruby_59969.txt
aozora-hack/cards/001670/files/56374_ruby_58048,銭形平次捕物控 130 仏敵,野村 胡堂,新字新仮名,56374_ruby_58048.txt
aozora-hack/cards/001670/files/54725_ruby_59972,銭形平次捕物控 132 雛の別れ,野村 胡堂,旧字旧仮名,54725_ruby_59972.txt
aozora-hack/cards/001670/files/56403_ruby_59973,銭形平次捕物控 132 雛の別れ,野村 胡堂,新字新仮名,56403_ruby_59973.txt
aozora-hack/cards/001670/files/54720_ruby_59978,銭形平次捕物控 133 井戸の茶碗,野村 胡堂,旧字旧仮名,54720_ruby_59978.txt
aozora-hack/cards/001670/files/56401_ruby_59979,銭形平次捕物控 133 井戸の茶碗,野村 胡堂,新字新仮名,56401_ruby_59979.txt
aozora-hack/cards/001670/files/54721_ruby_59999,銭形平次捕物控 136 鐘五郎の死,野村 胡堂,旧字旧仮名,54721_ruby_59999.txt
aozora-hack/cards/001670/files/56396_ruby_60000,銭形平次捕物控 136 鐘五郎の死,野村 胡堂,新字新仮名,56396_ruby_60000.txt
aozora-hack/cards/001670/files/54648_ruby_57882,銭形平次捕物控 137 紅い扱帯,野村 胡堂,旧字旧仮名,54648_ruby_57882.txt
aozora-hack/cards/001670/files/56392_ruby_60003,銭形平次捕物控 137 紅い扱帯,野村 胡堂,新字新仮名,56392_ruby_60003.txt
aozora-hack/cards/001670/files/54645_ruby_57888,銭形平次捕物控 138 第廿七吉,野村 胡堂,旧字旧仮名,54645_ruby_57888.txt
aozora-hack/cards/001670/files/56394_ruby_69504,銭形平次捕物控 138 第廿七吉,野村 胡堂,新字新仮名,56394_ruby_69504.txt
aozora-hack/cards/001670/files/56405_ruby_69519,銭形平次捕物控 139 父の遺書,野村 胡堂,新字新仮名,56405_ruby_69519.txt
aozora-hack/cards/001670/files/54647_ruby_57970,銭形平次捕物控 139 父の遺書,野村 胡堂,旧字旧仮名,54647_ruby_57970.txt
aozora-hack/cards/001670/files/54649_ruby_57974,銭形平次捕物控 140 五つの命,野村 胡堂,旧字旧仮名,54649_ruby_57974.txt
aozora-hack/cards/001670/files/56398_ruby_69537,銭形平次捕物控 140 五つの命,野村 胡堂,新字新仮名,56398_ruby_69537.txt
aozora-hack/cards/001670/files/54646_ruby_57977,銭形平次捕物控 141 二枚の小判,野村 胡堂,旧字旧仮名,54646_ruby_57977.txt
aozora-hack/cards/001670/files/56391_ruby_69679,銭形平次捕物控 141 二枚の小判,野村 胡堂,新字新仮名,56391_ruby_69679.txt
aozora-hack/cards/001670/files/54644_ruby_57980,銭形平次捕物控 142 権八の罪,野村 胡堂,旧字旧仮名,54644_ruby_57980.txt
aozora-hack/cards/001670/files/56390_ruby_69694,銭形平次捕物控 142 権八の罪,野村 胡堂,新字新仮名,56390_ruby_69694.txt
aozora-hack/cards/001670/files/54643_ruby_57986,銭形平次捕物控 143 仏喜三郎,野村 胡堂,旧字旧仮名,54643_ruby_57986.txt
aozora-hack/cards/001670/files/56389_ruby_69710,銭形平次捕物控 143 仏喜三郎,野村 胡堂,新字新仮名,56389_ruby_69710.txt
aozora-hack/cards/001670/files/56388_ruby_69905,銭形平次捕物控 144 茶碗割り,野村 胡堂,新字新仮名,56388_ruby_69905.txt
aozora-hack/cards/001670/files/54640_ruby_57989,銭形平次捕物控 144 茶碗割り,野村 胡堂,旧字旧仮名,54640_ruby_57989.txt
aozora-hack/cards/001670/files/54641_ruby_57991,銭形平次捕物控 145 蜘蛛の巣,野村 胡堂,旧字旧仮名,54641_ruby_57991.txt
aozora-hack/cards/001670/files/56406_ruby_69924,銭形平次捕物控 145 蜘蛛の巣,野村 胡堂,新字新仮名,56406_ruby_69924.txt
aozora-hack/cards/001670/files/54642_ruby_58024,銭形平次捕物控 146 秤座政談,野村 胡堂,旧字旧仮名,54642_ruby_58024.txt
aozora-hack/cards/001670/files/56400_ruby_69945,銭形平次捕物控 146 秤座政談,野村 胡堂,新字新仮名,56400_ruby_69945.txt
aozora-hack/cards/001670/files/54651_ruby_58028,銭形平次捕物控 147 縞の財布,野村 胡堂,旧字旧仮名,54651_ruby_58028.txt
aozora-hack/cards/001670/files/56402_ruby_70124,銭形平次捕物控 147 縞の財布,野村 胡堂,新字新仮名,56402_ruby_70124.txt
aozora-hack/cards/001670/files/54655_ruby_58031,銭形平次捕物控 148 彦徳の面,野村 胡堂,旧字旧仮名,54655_ruby_58031.txt
aozora-hack/cards/001670/files/56404_ruby_70134,銭形平次捕物控 148 彦徳の面,野村 胡堂,新字新仮名,56404_ruby_70134.txt
aozora-hack/cards/001670/files/56393_ruby_70162,銭形平次捕物控 149 遺言状,野村 胡堂,新字新仮名,56393_ruby_70162.txt
aozora-hack/cards/001670/files/54652_ruby_58032,銭形平次捕物控 149 遺言状,野村 胡堂,旧字旧仮名,54652_ruby_58032.txt
aozora-hack/cards/001670/files/54657_ruby_58037,銭形平次捕物控 150 槍の折れ,野村 胡堂,旧字旧仮名,54657_ruby_58037.txt
aozora-hack/cards/001670/files/56399_ruby_56299,銭形平次捕物控 150 槍の折れ,野村 胡堂,新字新仮名,56399_ruby_56299.txt
aozora-hack/cards/001670/files/57213_ruby_70388,銭形平次捕物控 152 棟梁の娘,野村 胡堂,新字新仮名,57213_ruby_70388.txt
aozora-hack/cards/001670/files/55693_ruby_62785,銭形平次捕物控 152 棟梁の娘,野村 胡堂,旧字旧仮名,55693_ruby_62785.txt
aozora-hack/cards/001670/files/58210_ruby_70408,銭形平次捕物控 168 詭計の豆,野村 胡堂,新字新仮名,58210_ruby_70408.txt
aozora-hack/cards/001670/files/54667_ruby_58858,銭形平次捕物控 168 詭計の豆,野村 胡堂,旧字旧仮名,54667_ruby_58858.txt
aozora-hack/cards/001670/files/57206_ruby_70428,銭形平次捕物控 174 髷切り,野村 胡堂,新字新仮名,57206_ruby_70428.txt
aozora-hack/cards/001670/files/54681_ruby_58885,銭形平次捕物控 174 髷切り,野村 胡堂,旧字旧仮名,54681_ruby_58885.txt
aozora-hack/cards/001670/files/58209_ruby_70692,銭形平次捕物控 182 尼が紅,野村 胡堂,新字新仮名,58209_ruby_70692.txt
aozora-hack/cards/001670/files/54673_ruby_59429,銭形平次捕物控 182 尼が紅,野村 胡堂,旧字旧仮名,54673_ruby_59429.txt
aozora-hack/cards/001670/files/57207_ruby_70707,銭形平次捕物控 200 死骸の花嫁,野村 胡堂,新字新仮名,57207_ruby_70707.txt
aozora-hack/cards/001670/files/54728_ruby_60854,銭形平次捕物控 200 死骸の花嫁,野村 胡堂,旧字旧仮名,54728_ruby_60854.txt
aozora-hack/cards/001670/files/54754_ruby_61192,銭形平次捕物控 211 遠眼鏡の殿様,野村 胡堂,旧字旧仮名,54754_ruby_61192.txt
aozora-hack/cards/001670/files/57248_ruby_70720,銭形平次捕物控 211 遠眼鏡の殿様,野村 胡堂,新字新仮名,57248_ruby_70720.txt
aozora-hack/cards/001670/files/57214_ruby_70921,銭形平次捕物控 213 一と目千両,野村 胡堂,新字新仮名,57214_ruby_70921.txt
aozora-hack/cards/001670/files/54748_ruby_61202,銭形平次捕物控 213 一と目千両,野村 胡堂,旧字旧仮名,54748_ruby_61202.txt
aozora-hack/cards/001670/files/57215_ruby_61613,銭形平次捕物控 233 鬼の面,野村 胡堂,新字新仮名,57215_ruby_61613.txt
aozora-hack/cards/001670/files/54759_ruby_61553,銭形平次捕物控 233 鬼の面,野村 胡堂,旧字旧仮名,54759_ruby_61553.txt
aozora-hack/cards/001670/files/57205_ruby_61614,銭形平次捕物控 236 夕立の女,野村 胡堂,新字新仮名,57205_ruby_61614.txt
aozora-hack/cards/001670/files/54765_ruby_61557,銭形平次捕物控 236 夕立の女,野村 胡堂,旧字旧仮名,54765_ruby_61557.txt
aozora-hack/cards/001670/files/55701_ruby_61560,銭形平次捕物控 237 毒酒薬酒,野村 胡堂,旧字旧仮名,55701_ruby_61560.txt
aozora-hack/cards/001670/files/57208_ruby_61615,銭形平次捕物控 237 毒酒薬酒,野村 胡堂,新字新仮名,57208_ruby_61615.txt
aozora-hack/cards/001670/files/57203_ruby_61617,銭形平次捕物控 239 群盗,野村 胡堂,新字新仮名,57203_ruby_61617.txt
aozora-hack/cards/001670/files/55850_ruby_61568,銭形平次捕物控 239 群盗,野村 胡堂,旧字旧仮名,55850_ruby_61568.txt
aozora-hack/cards/001670/files/57202_ruby_62017,銭形平次捕物控 246 万両分限,野村 胡堂,新字新仮名,57202_ruby_62017.txt
aozora-hack/cards/001670/files/54583_ruby_56868,銭形平次捕物控 246 万両分限,野村 胡堂,旧字旧仮名,54583_ruby_56868.txt
aozora-hack/cards/001670/files/54585_ruby_57548,銭形平次捕物控 277 和蘭の銀貨,野村 胡堂,旧字旧仮名,54585_ruby_57548.txt
aozora-hack/cards/001670/files/57250_ruby_70938,銭形平次捕物控 277 和蘭の銀貨,野村 胡堂,新字新仮名,57250_ruby_70938.txt
aozora-hack/cards/001670/files/54588_ruby_57557,銭形平次捕物控 282 密室,野村 胡堂,旧字旧仮名,54588_ruby_57557.txt
aozora-hack/cards/001670/files/57247_ruby_70953,銭形平次捕物控 282 密室,野村 胡堂,新字新仮名,57247_ruby_70953.txt
aozora-hack/cards/001670/files/57249_ruby_71084,銭形平次捕物控 297 花見の留守,野村 胡堂,新字新仮名,57249_ruby_71084.txt
aozora-hack/cards/001670/files/54599_ruby_56341,銭形平次捕物控 297 花見の留守,野村 胡堂,旧字旧仮名,54599_ruby_56341.txt
aozora-hack/cards/001670/files/54769_ruby_60769,銭形平次捕物控 320 お六の役目,野村 胡堂,旧字旧仮名,54769_ruby_60769.txt
aozora-hack/cards/001670/files/57212_ruby_71098,銭形平次捕物控 320 お六の役目,野村 胡堂,新字新仮名,57212_ruby_71098.txt
aozora-hack/cards/001670/files/55702_ruby_60772,銭形平次捕物控 321 橋場の人魚,野村 胡堂,旧字旧仮名,55702_ruby_60772.txt
aozora-hack/cards/001670/files/57211_ruby_71118,銭形平次捕物控 321 橋場の人魚,野村 胡堂,新字新仮名,57211_ruby_71118.txt
aozora-hack/cards/000296/files/50298_ruby_42406,人生の楽事,福沢 諭吉,旧字旧仮名,50298_ruby_42406.txt
aozora-hack/cards/000296/files/50297_ruby_70120,人生の楽事,福沢 諭吉,新字新仮名,50297_ruby_70120.txt
aozora-hack/cards/001030/files/55419_ruby_48737,恢復期,堀 辰雄,旧字旧仮名,55419_ruby_48737.txt
aozora-hack/cards/001030/files/4811_ruby_14377,恢復期,堀 辰雄,新字新仮名,4811_ruby_14377.txt
aozora-hack/cards/001030/files/4802_ruby_14469,聖家族,堀 辰雄,新字新仮名,4802_ruby_14469.txt
aozora-hack/cards/001030/files/55420_ruby_48719,聖家族,堀 辰雄,旧字旧仮名,55420_ruby_48719.txt
aozora-hack/cards/001030/files/4816_ruby_14379,旅の絵,堀 辰雄,新字新仮名,4816_ruby_14379.txt
aozora-hack/cards/001030/files/55421_ruby_48738,旅の絵,堀 辰雄,旧字旧仮名,55421_ruby_48738.txt
aozora-hack/cards/001030/files/4809_ruby_14365,花を持てる女,堀 辰雄,新字新仮名,4809_ruby_14365.txt
aozora-hack/cards/001030/files/47926_txt_50360,花を持てる女,堀 辰雄,旧字旧仮名,47926_txt_50360.txt
aozora-hack/cards/001030/files/55423_ruby_48740,窓,堀 辰雄,旧字旧仮名,55423_ruby_48740.txt
aozora-hack/cards/001030/files/4842_ruby_14154,窓,堀 辰雄,新字新仮名,4842_ruby_14154.txt
aozora-hack/cards/001030/files/4813_ruby_14369,麦藁帽子,堀 辰雄,新字新仮名,4813_ruby_14369.txt
aozora-hack/cards/001030/files/55424_ruby_48741,麦藁帽子,堀 辰雄,旧字旧仮名,55424_ruby_48741.txt
aozora-hack/cards/001030/files/4814_ruby_14373,燃ゆる頬,堀 辰雄,新字新仮名,4814_ruby_14373.txt
aozora-hack/cards/001030/files/55425_ruby_48742,燃ゆる頬,堀 辰雄,旧字旧仮名,55425_ruby_48742.txt
aozora-hack/cards/001030/files/4815_ruby_14375,ルウベンスの偽画,堀 辰雄,新字新仮名,4815_ruby_14375.txt
aozora-hack/cards/001030/files/55426_ruby_48743,ルウベンスの偽画,堀 辰雄,旧字旧仮名,55426_ruby_48743.txt
aozora-hack/cards/000305/files/46534_ruby_59598,歌よみに与ふる書,正岡 子規,新字新仮名,46534_ruby_59598.txt
aozora-hack/cards/000305/files/43494_ruby_37326,歌よみに与ふる書,正岡 子規,旧字旧仮名,43494_ruby_37326.txt
aozora-hack/cards/000305/files/1902_ruby_4971,九月十四日の朝,正岡 子規,旧字旧仮名,1902_ruby_4971.txt
aozora-hack/cards/000305/files/50382_ruby_38322,九月十四日の朝,正岡 子規,新字新仮名,50382_ruby_38322.txt
aozora-hack/cards/001581/files/57319_ruby_65964,入江のほとり,正宗 白鳥,旧字旧仮名,57319_ruby_65964.txt
aozora-hack/cards/001581/files/53030_ruby_57379,入江のほとり,正宗 白鳥,新字新仮名,53030_ruby_57379.txt
aozora-hack/cards/000218/files/1914_ruby_63481,人生論ノート,三木 清,新字新仮名,1914_ruby_63481.txt
aozora-hack/cards/000218/files/46845_txt_29042,人生論ノート,三木 清,旧字旧仮名,46845_txt_29042.txt
aozora-hack/cards/000081/files/43737_ruby_19028,銀河鉄道の夜,宮沢 賢治,新字新仮名,43737_ruby_19028.txt
aozora-hack/cards/000081/files/46322_ruby_23941,銀河鉄道の夜,宮沢 賢治,旧字旧仮名,46322_ruby_23941.txt
aozora-hack/cards/000129/files/679_ruby_15360,寒山拾得,森 鴎外,旧字旧仮名,679_ruby_15360.txt
aozora-hack/cards/000129/files/1071_ruby_4557,寒山拾得,森 鴎外,新字新仮名,1071_ruby_4557.txt
aozora-hack/cards/000129/files/43732_ruby_17108,寒山拾得縁起,森 鴎外,新字新仮名,43732_ruby_17108.txt
aozora-hack/cards/000129/files/43039_ruby_15362,寒山拾得縁起,森 鴎外,旧字旧仮名,43039_ruby_15362.txt
aozora-hack/cards/000129/files/687_ruby_15355,最後の一句,森 鴎外,旧字旧仮名,687_ruby_15355.txt
aozora-hack/cards/000129/files/45244_ruby_21881,最後の一句,森 鴎外,新字新仮名,45244_ruby_21881.txt
aozora-hack/cards/000129/files/692_ruby_16056,高瀬舟,森 鴎外,旧字旧仮名,692_ruby_16056.txt
aozora-hack/cards/000129/files/45245_ruby_21882,高瀬舟,森 鴎外,新字新仮名,45245_ruby_21882.txt
aozora-hack/cards/000129/files/46234_ruby_22009,高瀬舟縁起,森 鴎外,新字新仮名,46234_ruby_22009.txt
aozora-hack/cards/000129/files/43038_ruby_15353,高瀬舟縁起,森 鴎外,旧字旧仮名,43038_ruby_15353.txt
aozora-hack/cards/000129/files/58126_ruby_73643,舞姫,森 鴎外,新字新仮名,58126_ruby_73643.txt
aozora-hack/cards/001566/files/58443_ruby_68467,食料名彙,柳田 国男,新字新仮名,58443_ruby_68467.txt
aozora-hack/cards/001566/files/58032_ruby_73830,食料名彙,柳田 国男,旧字旧仮名,58032_ruby_73830.txt
aozora-hack/cards/000162/files/4649_ruby_15323,みなかみ紀行,若山 牧水,旧字旧仮名,4649_ruby_15323.txt
aozora-hack/cards/000162/files/56933_ruby_62143,みなかみ紀行,若山 牧水,新字新仮名,56933_ruby_62143.txt
